Compte_ID,Titulaire,Type_Compte,Solde_Moyen_30J_FCFA,Duree_Jours,Taux_Annuel_Pct,Agios_Calcules_FCFA
CPT-50001,Adama Soro,COMPTE_EPARGNE_DEPOT,736000,30,5.0,3066.67
CPT-50002,Sékou Fall,COMPTE_EPARGNE_DEPOT,1825000,30,5.0,7604.17
CPT-50003,Amadou Touré,COMPTE_COURANT_ENTREPRISE,16612000,30,6.5,89981.67
CPT-50004,Cheikh Sangaré,COMPTE_COMMERCANT_PRO,4882000,30,5.5,22375.83
CPT-50005,Bakary Barry,COMPTE_COMMERCANT_PRO,5229000,30,5.5,23966.25
CPT-50006,Adama Cissé,COMPTE_PARTICULIER_PREMIUM,1367000,30,5.0,5695.83
CPT-50007,Yao Kane,COMPTE_PARTICULIER_PREMIUM,2725000,30,5.0,11354.17
CPT-50008,Djeneba Ba,COMPTE_COMMERCANT_PRO,4460000,30,5.5,20441.67
CPT-50009,Seydou Ndiaye,COMPTE_COMMERCANT_PRO,6764000,30,5.5,31001.67
CPT-50010,Sékou Diop,COMPTE_PARTICULIER_PREMIUM,2349000,30,5.0,9787.5
CPT-50011,Djeneba Camara,COMPTE_COURANT_ENTREPRISE,12659000,30,6.5,68569.58
CPT-50012,Nafi Cissé,COMPTE_PARTICULIER_PREMIUM,2123000,30,5.0,8845.83
CPT-50013,Kouassi Traoré,COMPTE_COMMERCANT_PRO,6384000,30,5.5,29260.0
CPT-50014,Mamadou Ndiaye,COMPTE_COURANT_ENTREPRISE,20043000,30,6.5,108566.25
CPT-50015,Seydou Sow,COMPTE_COURANT_ENTREPRISE,4050000,30,6.5,21937.5
CPT-50016,Khadija Fofana,COMPTE_PARTICULIER_PREMIUM,430000,30,5.0,1791.67
CPT-50017,Aïssatou Sylla,COMPTE_PARTICULIER_PREMIUM,1596000,30,5.0,6650.0
CPT-50018,Adama Traoré,COMPTE_PARTICULIER_PREMIUM,1301000,30,5.0,5420.83
CPT-50019,Cheikh Bamba,COMPTE_COMMERCANT_PRO,3580000,30,5.5,16408.33
CPT-50020,Khadija Sanogo,COMPTE_COMMERCANT_PRO,5206000,30,5.5,23860.83
CPT-50021,Salif Sylla,COMPTE_PARTICULIER_PREMIUM,474000,30,5.0,1975.0
CPT-50022,Koffi Diop,COMPTE_COURANT_ENTREPRISE,9262000,30,6.5,50169.17
CPT-50023,Mariam Cissé,COMPTE_COMMERCANT_PRO,5228000,30,5.5,23961.67
CPT-50024,Awa Diop,COMPTE_EPARGNE_DEPOT,1534000,30,5.0,6391.67
CPT-50025,Koffi Koffi,COMPTE_COMMERCANT_PRO,7272000,30,5.5,33330.0
CPT-50026,Sékou Barry,COMPTE_EPARGNE_DEPOT,1027000,30,5.0,4279.17
CPT-50027,Aminata Traoré,COMPTE_PARTICULIER_PREMIUM,1057000,30,5.0,4404.17
CPT-50028,Kouassi Barry,COMPTE_PARTICULIER_PREMIUM,751000,30,5.0,3129.17
CPT-50029,Aminata Camara,COMPTE_COURANT_ENTREPRISE,12849000,30,6.5,69598.75
CPT-50030,Kouassi Koné,COMPTE_PARTICULIER_PREMIUM,2296000,30,5.0,9566.67
CPT-50031,Boubacar Fofana,COMPTE_EPARGNE_DEPOT,2938000,30,5.0,12241.67
CPT-50032,Bintou Sow,COMPTE_COMMERCANT_PRO,4697000,30,5.5,21527.92
CPT-50033,Hawa Coulibaly,COMPTE_PARTICULIER_PREMIUM,2499000,30,5.0,10412.5
CPT-50034,Jean-Baptiste Sanogo,COMPTE_EPARGNE_DEPOT,3112000,30,5.0,12966.67
CPT-50035,Bintou Ba,COMPTE_COMMERCANT_PRO,7535000,30,5.5,34535.42
CPT-50036,Yao Sow,COMPTE_COURANT_ENTREPRISE,22313000,30,6.5,120862.08
CPT-50037,Clarisse Ndiaye,COMPTE_PARTICULIER_PREMIUM,2808000,30,5.0,11700.0
CPT-50038,Clarisse Kouadio,COMPTE_PARTICULIER_PREMIUM,1983000,30,5.0,8262.5
CPT-50039,Salif Fofana,COMPTE_EPARGNE_DEPOT,3065000,30,5.0,12770.83
CPT-50040,Boubacar Kouadio,COMPTE_COURANT_ENTREPRISE,20720000,30,6.5,112233.33
CPT-50041,Fanta Bamba,COMPTE_COMMERCANT_PRO,1993000,30,5.5,9134.58
CPT-50042,Amadou Ba,COMPTE_EPARGNE_DEPOT,3382000,30,5.0,14091.67
CPT-50043,Moussa Ba,COMPTE_EPARGNE_DEPOT,1046000,30,5.0,4358.33
CPT-50044,Khadija Fall,COMPTE_PARTICULIER_PREMIUM,1754000,30,5.0,7308.33
CPT-50045,Aïssatou Cissé,COMPTE_COURANT_ENTREPRISE,8571000,30,6.5,46426.25
CPT-50046,Seydou Ba,COMPTE_PARTICULIER_PREMIUM,173000,30,5.0,720.83
CPT-50047,Koffi Touré,COMPTE_COMMERCANT_PRO,1289000,30,5.5,5907.92
CPT-50048,Abdoulaye Ba,COMPTE_COMMERCANT_PRO,4717000,30,5.5,21619.58
CPT-50049,Abdoulaye Traoré,COMPTE_COMMERCANT_PRO,781000,30,5.5,3579.58
CPT-50050,Adama Kouadio,COMPTE_EPARGNE_DEPOT,1820000,30,5.0,7583.33
CPT-50051,Fatou Gueye,COMPTE_COMMERCANT_PRO,2799000,30,5.5,12828.75
CPT-50052,Adama Koné,COMPTE_COURANT_ENTREPRISE,17797000,30,6.5,96400.42
CPT-50053,Khadija Sylla,COMPTE_EPARGNE_DEPOT,2206000,30,5.0,9191.67
CPT-50054,Aminata Camara,COMPTE_COURANT_ENTREPRISE,3281000,30,6.5,17772.08
CPT-50055,Aïssatou Traoré,COMPTE_PARTICULIER_PREMIUM,3109000,30,5.0,12954.17
CPT-50056,Sékou Cissé,COMPTE_PARTICULIER_PREMIUM,497000,30,5.0,2070.83
CPT-50057,Nafi Coulibaly,COMPTE_COURANT_ENTREPRISE,16877000,30,6.5,91417.08
CPT-50058,Adama Gueye,COMPTE_COURANT_ENTREPRISE,12544000,30,6.5,67946.67
CPT-50059,Awa Fall,COMPTE_COMMERCANT_PRO,7651000,30,5.5,35067.08
CPT-50060,Mamadou Sylla,COMPTE_COURANT_ENTREPRISE,13162000,30,6.5,71294.17
CPT-50061,Clarisse Kane,COMPTE_COMMERCANT_PRO,6450000,30,5.5,29562.5
CPT-50062,Aminata Koffi,COMPTE_COMMERCANT_PRO,4831000,30,5.5,22142.08
CPT-50063,Amadou Kane,COMPTE_EPARGNE_DEPOT,1896000,30,5.0,7900.0
CPT-50064,Clarisse Kane,COMPTE_COURANT_ENTREPRISE,4179000,30,6.5,22636.25
CPT-50065,Mamadou Soro,COMPTE_PARTICULIER_PREMIUM,3207000,30,5.0,13362.5
CPT-50066,Mariam Diallo,COMPTE_PARTICULIER_PREMIUM,2009000,30,5.0,8370.83
CPT-50067,Fatou Kouadio,COMPTE_PARTICULIER_PREMIUM,3038000,30,5.0,12658.33
CPT-50068,Yao Bamba,COMPTE_PARTICULIER_PREMIUM,2814000,30,5.0,11725.0
CPT-50069,Sékou Traoré,COMPTE_COMMERCANT_PRO,2796000,30,5.5,12815.0
CPT-50070,Salif Ba,COMPTE_COURANT_ENTREPRISE,13457000,30,6.5,72892.08
CPT-50071,Seydou Koffi,COMPTE_COURANT_ENTREPRISE,20998000,30,6.5,113739.17
CPT-50072,Abdoulaye Fofana,COMPTE_COURANT_ENTREPRISE,5901000,30,6.5,31963.75
CPT-50073,Abdoulaye Diallo,COMPTE_PARTICULIER_PREMIUM,3209000,30,5.0,13370.83
CPT-50074,Kouassi Cissé,COMPTE_COMMERCANT_PRO,5458000,30,5.5,25015.83
CPT-50075,Adama Traoré,COMPTE_PARTICULIER_PREMIUM,3458000,30,5.0,14408.33
CPT-50076,Amadou Ndiaye,COMPTE_COMMERCANT_PRO,4361000,30,5.5,19987.92
CPT-50077,Kouassi Sangaré,COMPTE_PARTICULIER_PREMIUM,1440000,30,5.0,6000.0
CPT-50078,Clarisse Kane,COMPTE_PARTICULIER_PREMIUM,3284000,30,5.0,13683.33
CPT-50079,Hawa Sangaré,COMPTE_PARTICULIER_PREMIUM,1452000,30,5.0,6050.0
CPT-50080,Fatou Sanogo,COMPTE_COMMERCANT_PRO,1993000,30,5.5,9134.58
CPT-50081,Mariam Diop,COMPTE_COMMERCANT_PRO,3972000,30,5.5,18205.0
CPT-50082,Oumar Ndiaye,COMPTE_COMMERCANT_PRO,7911000,30,5.5,36258.75
CPT-50083,Mamadou Cissé,COMPTE_COMMERCANT_PRO,2675000,30,5.5,12260.42
CPT-50084,Djeneba Fofana,COMPTE_COMMERCANT_PRO,1275000,30,5.5,5843.75
CPT-50085,Bintou Ba,COMPTE_COMMERCANT_PRO,3426000,30,5.5,15702.5
CPT-50086,Hawa Sylla,COMPTE_EPARGNE_DEPOT,2796000,30,5.0,11650.0
CPT-50087,Moussa Cissé,COMPTE_COURANT_ENTREPRISE,21636000,30,6.5,117195.0
CPT-50088,Jean-Baptiste Diop,COMPTE_PARTICULIER_PREMIUM,3095000,30,5.0,12895.83
CPT-50089,Nafi Ba,COMPTE_COMMERCANT_PRO,2240000,30,5.5,10266.67
CPT-50090,Bakary Gueye,COMPTE_COMMERCANT_PRO,1261000,30,5.5,5779.58
CPT-50091,Yao Ndiaye,COMPTE_COMMERCANT_PRO,2330000,30,5.5,10679.17
CPT-50092,Seydou Kouadio,COMPTE_COURANT_ENTREPRISE,5868000,30,6.5,31785.0
CPT-50093,Yao Kane,COMPTE_PARTICULIER_PREMIUM,2143000,30,5.0,8929.17
CPT-50094,Ibrahim Fofana,COMPTE_COMMERCANT_PRO,3622000,30,5.5,16600.83
CPT-50095,Koffi Sanogo,COMPTE_COURANT_ENTREPRISE,12817000,30,6.5,69425.42
CPT-50096,Djeneba Coulibaly,COMPTE_COMMERCANT_PRO,7792000,30,5.5,35713.33
CPT-50097,Fanta Traoré,COMPTE_PARTICULIER_PREMIUM,1917000,30,5.0,7987.5
CPT-50098,Bintou Sow,COMPTE_COMMERCANT_PRO,5934000,30,5.5,27197.5
CPT-50099,Fanta Coulibaly,COMPTE_PARTICULIER_PREMIUM,1651000,30,5.0,6879.17
CPT-50100,Cheikh Cissé,COMPTE_EPARGNE_DEPOT,2443000,30,5.0,10179.17
CPT-50101,Aminata Traoré,COMPTE_EPARGNE_DEPOT,2736000,30,5.0,11400.0
CPT-50102,Seydou Koffi,COMPTE_EPARGNE_DEPOT,3215000,30,5.0,13395.83
CPT-50103,Jean-Baptiste Camara,COMPTE_PARTICULIER_PREMIUM,1209000,30,5.0,5037.5
CPT-50104,Sékou Ba,COMPTE_COMMERCANT_PRO,4547000,30,5.5,20840.42
CPT-50105,Moussa Sanogo,COMPTE_COMMERCANT_PRO,836000,30,5.5,3831.67
CPT-50106,Abdoulaye Ouédraogo,COMPTE_COURANT_ENTREPRISE,16125000,30,6.5,87343.75
CPT-50107,Nafi Kouadio,COMPTE_EPARGNE_DEPOT,2637000,30,5.0,10987.5
CPT-50108,Amadou Cissé,COMPTE_PARTICULIER_PREMIUM,1410000,30,5.0,5875.0
CPT-50109,Fanta Barry,COMPTE_PARTICULIER_PREMIUM,2532000,30,5.0,10550.0
CPT-50110,Hawa Diop,COMPTE_PARTICULIER_PREMIUM,2932000,30,5.0,12216.67
CPT-50111,Bakary Koné,COMPTE_COURANT_ENTREPRISE,12377000,30,6.5,67042.08
CPT-50112,Boubacar Diop,COMPTE_COMMERCANT_PRO,4347000,30,5.5,19923.75
CPT-50113,Jean-Baptiste Cissé,COMPTE_EPARGNE_DEPOT,153000,30,5.0,637.5
CPT-50114,Moussa Diop,COMPTE_PARTICULIER_PREMIUM,871000,30,5.0,3629.17
CPT-50115,Cheikh Touré,COMPTE_COURANT_ENTREPRISE,8193000,30,6.5,44378.75
CPT-50116,Oumar Ndiaye,COMPTE_EPARGNE_DEPOT,528000,30,5.0,2200.0
CPT-50117,Sékou Ouédraogo,COMPTE_PARTICULIER_PREMIUM,3021000,30,5.0,12587.5
CPT-50118,Salif Ba,COMPTE_COURANT_ENTREPRISE,18017000,30,6.5,97592.08
CPT-50119,Aminata Ba,COMPTE_COURANT_ENTREPRISE,17797000,30,6.5,96400.42
CPT-50120,Salif Kane,COMPTE_EPARGNE_DEPOT,3080000,30,5.0,12833.33
CPT-50121,Mamadou Camara,COMPTE_EPARGNE_DEPOT,2093000,30,5.0,8720.83
CPT-50122,Djeneba Ouédraogo,COMPTE_COURANT_ENTREPRISE,15004000,30,6.5,81271.67
CPT-50123,Ibrahim Sow,COMPTE_PARTICULIER_PREMIUM,1827000,30,5.0,7612.5
CPT-50124,Hawa Sow,COMPTE_COMMERCANT_PRO,7376000,30,5.5,33806.67
CPT-50125,Moussa Sangaré,COMPTE_EPARGNE_DEPOT,2653000,30,5.0,11054.17
CPT-50126,Jean-Baptiste Fall,COMPTE_COURANT_ENTREPRISE,13638000,30,6.5,73872.5
CPT-50127,Bintou Kane,COMPTE_COURANT_ENTREPRISE,9438000,30,6.5,51122.5
CPT-50128,Fanta Barry,COMPTE_PARTICULIER_PREMIUM,3370000,30,5.0,14041.67
CPT-50129,Oumar Ba,COMPTE_COMMERCANT_PRO,3350000,30,5.5,15354.17
CPT-50130,Yao Traoré,COMPTE_EPARGNE_DEPOT,474000,30,5.0,1975.0
CPT-50131,Adama Ouédraogo,COMPTE_PARTICULIER_PREMIUM,2246000,30,5.0,9358.33
CPT-50132,Mamadou Koné,COMPTE_PARTICULIER_PREMIUM,1416000,30,5.0,5900.0
CPT-50133,Nafi Diallo,COMPTE_COMMERCANT_PRO,3721000,30,5.5,17054.58
CPT-50134,Adama Cissé,COMPTE_EPARGNE_DEPOT,782000,30,5.0,3258.33
CPT-50135,Cheikh Touré,COMPTE_EPARGNE_DEPOT,2982000,30,5.0,12425.0
CPT-50136,Clarisse Camara,COMPTE_COURANT_ENTREPRISE,10758000,30,6.5,58272.5
CPT-50137,Nafi Cissé,COMPTE_PARTICULIER_PREMIUM,1820000,30,5.0,7583.33
CPT-50138,Moussa Soro,COMPTE_COURANT_ENTREPRISE,17600000,30,6.5,95333.33
CPT-50139,Boubacar Diallo,COMPTE_COMMERCANT_PRO,6255000,30,5.5,28668.75
CPT-50140,Sékou Coulibaly,COMPTE_EPARGNE_DEPOT,201000,30,5.0,837.5
CPT-50141,Aminata Sow,COMPTE_PARTICULIER_PREMIUM,2560000,30,5.0,10666.67
CPT-50142,Yao Sanogo,COMPTE_EPARGNE_DEPOT,198000,30,5.0,825.0
CPT-50143,Bintou Sylla,COMPTE_EPARGNE_DEPOT,1921000,30,5.0,8004.17
CPT-50144,Hawa Koné,COMPTE_COMMERCANT_PRO,4065000,30,5.5,18631.25
CPT-50145,Mariam Sangaré,COMPTE_COURANT_ENTREPRISE,22254000,30,6.5,120542.5
CPT-50146,Boubacar Fofana,COMPTE_COMMERCANT_PRO,7051000,30,5.5,32317.08
CPT-50147,Bintou Gueye,COMPTE_COMMERCANT_PRO,7581000,30,5.5,34746.25
CPT-50148,Salif Ba,COMPTE_COURANT_ENTREPRISE,8000000,30,6.5,43333.33
CPT-50149,Nafi Fall,COMPTE_EPARGNE_DEPOT,2979000,30,5.0,12412.5
CPT-50150,Kouassi Diop,COMPTE_COURANT_ENTREPRISE,13311000,30,6.5,72101.25
CPT-50151,Abdoulaye Gueye,COMPTE_COMMERCANT_PRO,2157000,30,5.5,9886.25
CPT-50152,Yao Barry,COMPTE_EPARGNE_DEPOT,1974000,30,5.0,8225.0
CPT-50153,Fatou Fofana,COMPTE_COMMERCANT_PRO,834000,30,5.5,3822.5
CPT-50154,Awa Camara,COMPTE_EPARGNE_DEPOT,1689000,30,5.0,7037.5
CPT-50155,Fatou Barry,COMPTE_COMMERCANT_PRO,2616000,30,5.5,11990.0
CPT-50156,Nafi Sow,COMPTE_COMMERCANT_PRO,6932000,30,5.5,31771.67
CPT-50157,Clarisse Traoré,COMPTE_COMMERCANT_PRO,1999000,30,5.5,9162.08
CPT-50158,Cheikh Ba,COMPTE_EPARGNE_DEPOT,223000,30,5.0,929.17
CPT-50159,Seydou Sow,COMPTE_COMMERCANT_PRO,5835000,30,5.5,26743.75
CPT-50160,Fatou Barry,COMPTE_COURANT_ENTREPRISE,13987000,30,6.5,75762.92
CPT-50161,Sékou Koné,COMPTE_EPARGNE_DEPOT,1192000,30,5.0,4966.67
CPT-50162,Aminata Diallo,COMPTE_COURANT_ENTREPRISE,6229000,30,6.5,33740.42
CPT-50163,Sékou Diop,COMPTE_EPARGNE_DEPOT,1958000,30,5.0,8158.33
CPT-50164,Fanta Kouadio,COMPTE_COMMERCANT_PRO,4342000,30,5.5,19900.83
CPT-50165,Djeneba Barry,COMPTE_PARTICULIER_PREMIUM,3223000,30,5.0,13429.17
CPT-50166,Clarisse Soro,COMPTE_EPARGNE_DEPOT,320000,30,5.0,1333.33
CPT-50167,Kouassi Sow,COMPTE_COMMERCANT_PRO,821000,30,5.5,3762.92
CPT-50168,Ibrahim Barry,COMPTE_COURANT_ENTREPRISE,14814000,30,6.5,80242.5
CPT-50169,Yao Sangaré,COMPTE_COURANT_ENTREPRISE,13333000,30,6.5,72220.42
CPT-50170,Abdoulaye Sylla,COMPTE_COMMERCANT_PRO,4044000,30,5.5,18535.0
CPT-50171,Jean-Baptiste Traoré,COMPTE_PARTICULIER_PREMIUM,3282000,30,5.0,13675.0
CPT-50172,Mariam Sangaré,COMPTE_COURANT_ENTREPRISE,16543000,30,6.5,89607.92
CPT-50173,Awa Ndiaye,COMPTE_COMMERCANT_PRO,3043000,30,5.5,13947.08
CPT-50174,Khadija Soro,COMPTE_PARTICULIER_PREMIUM,3061000,30,5.0,12754.17
CPT-50175,Boubacar Koné,COMPTE_COMMERCANT_PRO,5309000,30,5.5,24332.92
CPT-50176,Bintou Ndiaye,COMPTE_EPARGNE_DEPOT,1302000,30,5.0,5425.0
CPT-50177,Sékou Gueye,COMPTE_PARTICULIER_PREMIUM,1311000,30,5.0,5462.5
CPT-50178,Yao Kane,COMPTE_COURANT_ENTREPRISE,22287000,30,6.5,120721.25
CPT-50179,Jean-Baptiste Cissé,COMPTE_COMMERCANT_PRO,2787000,30,5.5,12773.75
CPT-50180,Amadou Bamba,COMPTE_PARTICULIER_PREMIUM,228000,30,5.0,950.0
CPT-50181,Boubacar Bamba,COMPTE_PARTICULIER_PREMIUM,1302000,30,5.0,5425.0
CPT-50182,Mariam Fofana,COMPTE_COMMERCANT_PRO,1314000,30,5.5,6022.5
CPT-50183,Oumar Ouédraogo,COMPTE_COURANT_ENTREPRISE,12892000,30,6.5,69831.67
CPT-50184,Oumar Diallo,COMPTE_COMMERCANT_PRO,6608000,30,5.5,30286.67
CPT-50185,Djeneba Barry,COMPTE_EPARGNE_DEPOT,2615000,30,5.0,10895.83
CPT-50186,Nafi Sylla,COMPTE_COMMERCANT_PRO,5042000,30,5.5,23109.17
CPT-50187,Jean-Baptiste Camara,COMPTE_COURANT_ENTREPRISE,13507000,30,6.5,73162.92
CPT-50188,Bakary Sow,COMPTE_COMMERCANT_PRO,7400000,30,5.5,33916.67
CPT-50189,Seydou Diop,COMPTE_EPARGNE_DEPOT,3264000,30,5.0,13600.0
CPT-50190,Bintou Ndiaye,COMPTE_PARTICULIER_PREMIUM,2972000,30,5.0,12383.33
CPT-50191,Jean-Baptiste Kouadio,COMPTE_EPARGNE_DEPOT,285000,30,5.0,1187.5
CPT-50192,Moussa Koffi,COMPTE_COURANT_ENTREPRISE,23185000,30,6.5,125585.42
CPT-50193,Bintou Fall,COMPTE_COMMERCANT_PRO,1197000,30,5.5,5486.25
CPT-50194,Mamadou Sangaré,COMPTE_COMMERCANT_PRO,3050000,30,5.5,13979.17
CPT-50195,Cheikh Sow,COMPTE_EPARGNE_DEPOT,2979000,30,5.0,12412.5
CPT-50196,Seydou Traoré,COMPTE_PARTICULIER_PREMIUM,2770000,30,5.0,11541.67
CPT-50197,Koffi Cissé,COMPTE_COMMERCANT_PRO,5238000,30,5.5,24007.5
CPT-50198,Nafi Bamba,COMPTE_COURANT_ENTREPRISE,11525000,30,6.5,62427.08
CPT-50199,Salif Sangaré,COMPTE_EPARGNE_DEPOT,1134000,30,5.0,4725.0
CPT-50200,Jean-Baptiste Fall,COMPTE_PARTICULIER_PREMIUM,1737000,30,5.0,7237.5
CPT-50201,Khadija Coulibaly,COMPTE_COURANT_ENTREPRISE,15279000,30,6.5,82761.25
CPT-50202,Mamadou Ndiaye,COMPTE_COURANT_ENTREPRISE,21151000,30,6.5,114567.92
CPT-50203,Cheikh Cissé,COMPTE_PARTICULIER_PREMIUM,3366000,30,5.0,14025.0
CPT-50204,Hawa Sangaré,COMPTE_EPARGNE_DEPOT,2457000,30,5.0,10237.5
CPT-50205,Nafi Ba,COMPTE_PARTICULIER_PREMIUM,1903000,30,5.0,7929.17
CPT-50206,Fanta Barry,COMPTE_COMMERCANT_PRO,3179000,30,5.5,14570.42
CPT-50207,Hawa Ba,COMPTE_COURANT_ENTREPRISE,24288000,30,6.5,131560.0
CPT-50208,Fanta Kane,COMPTE_COMMERCANT_PRO,4713000,30,5.5,21601.25
CPT-50209,Salif Fall,COMPTE_EPARGNE_DEPOT,1094000,30,5.0,4558.33
CPT-50210,Tidiane Sanogo,COMPTE_EPARGNE_DEPOT,3324000,30,5.0,13850.0
CPT-50211,Seydou Touré,COMPTE_EPARGNE_DEPOT,808000,30,5.0,3366.67
CPT-50212,Abdoulaye Cissé,COMPTE_EPARGNE_DEPOT,1359000,30,5.0,5662.5
CPT-50213,Amadou Fall,COMPTE_COMMERCANT_PRO,6899000,30,5.5,31620.42
CPT-50214,Seydou Sylla,COMPTE_PARTICULIER_PREMIUM,3016000,30,5.0,12566.67
CPT-50215,Abdoulaye Coulibaly,COMPTE_EPARGNE_DEPOT,2583000,30,5.0,10762.5
CPT-50216,Adama Bamba,COMPTE_EPARGNE_DEPOT,1870000,30,5.0,7791.67
CPT-50217,Mamadou Sylla,COMPTE_COURANT_ENTREPRISE,22766000,30,6.5,123315.83
CPT-50218,Oumar Diop,COMPTE_COURANT_ENTREPRISE,22118000,30,6.5,119805.83
CPT-50219,Koffi Sangaré,COMPTE_EPARGNE_DEPOT,245000,30,5.0,1020.83
CPT-50220,Bakary Barry,COMPTE_PARTICULIER_PREMIUM,848000,30,5.0,3533.33
CPT-50221,Koffi Sylla,COMPTE_EPARGNE_DEPOT,3020000,30,5.0,12583.33
CPT-50222,Kouassi Ba,COMPTE_COURANT_ENTREPRISE,22177000,30,6.5,120125.42
CPT-50223,Fanta Sylla,COMPTE_EPARGNE_DEPOT,2465000,30,5.0,10270.83
CPT-50224,Yao Ndiaye,COMPTE_PARTICULIER_PREMIUM,2070000,30,5.0,8625.0
CPT-50225,Aïssatou Sangaré,COMPTE_PARTICULIER_PREMIUM,884000,30,5.0,3683.33
CPT-50226,Bintou Gueye,COMPTE_PARTICULIER_PREMIUM,1503000,30,5.0,6262.5
CPT-50227,Ibrahim Touré,COMPTE_COURANT_ENTREPRISE,3036000,30,6.5,16445.0
CPT-50228,Mamadou Koffi,COMPTE_EPARGNE_DEPOT,2075000,30,5.0,8645.83
CPT-50229,Oumar Kane,COMPTE_EPARGNE_DEPOT,1164000,30,5.0,4850.0
CPT-50230,Boubacar Cissé,COMPTE_EPARGNE_DEPOT,2248000,30,5.0,9366.67
CPT-50231,Adama Coulibaly,COMPTE_COMMERCANT_PRO,7815000,30,5.5,35818.75
CPT-50232,Abdoulaye Cissé,COMPTE_PARTICULIER_PREMIUM,2088000,30,5.0,8700.0
CPT-50233,Sékou Diallo,COMPTE_COURANT_ENTREPRISE,3084000,30,6.5,16705.0
CPT-50234,Moussa Kane,COMPTE_EPARGNE_DEPOT,2330000,30,5.0,9708.33
CPT-50235,Bintou Sanogo,COMPTE_COURANT_ENTREPRISE,15995000,30,6.5,86639.58
CPT-50236,Mariam Gueye,COMPTE_COURANT_ENTREPRISE,22366000,30,6.5,121149.17
CPT-50237,Adama Fall,COMPTE_COURANT_ENTREPRISE,16714000,30,6.5,90534.17
CPT-50238,Bintou Sangaré,COMPTE_COURANT_ENTREPRISE,11830000,30,6.5,64079.17
CPT-50239,Boubacar Sanogo,COMPTE_COURANT_ENTREPRISE,14192000,30,6.5,76873.33
CPT-50240,Jean-Baptiste Gueye,COMPTE_EPARGNE_DEPOT,1947000,30,5.0,8112.5
CPT-50241,Boubacar Coulibaly,COMPTE_COURANT_ENTREPRISE,6898000,30,6.5,37364.17
CPT-50242,Tidiane Kouadio,COMPTE_COURANT_ENTREPRISE,7669000,30,6.5,41540.42
CPT-50243,Aïssatou Bamba,COMPTE_COMMERCANT_PRO,1690000,30,5.5,7745.83
CPT-50244,Abdoulaye Ouédraogo,COMPTE_EPARGNE_DEPOT,1031000,30,5.0,4295.83
CPT-50245,Mariam Coulibaly,COMPTE_COMMERCANT_PRO,5885000,30,5.5,26972.92
CPT-50246,Djeneba Diallo,COMPTE_EPARGNE_DEPOT,3124000,30,5.0,13016.67
CPT-50247,Bintou Ouédraogo,COMPTE_COMMERCANT_PRO,3372000,30,5.5,15455.0
CPT-50248,Cheikh Gueye,COMPTE_EPARGNE_DEPOT,1536000,30,5.0,6400.0
CPT-50249,Boubacar Fofana,COMPTE_COMMERCANT_PRO,5266000,30,5.5,24135.83
CPT-50250,Mariam Barry,COMPTE_COURANT_ENTREPRISE,6698000,30,6.5,36280.83
CPT-50251,Ibrahim Soro,COMPTE_COMMERCANT_PRO,717000,30,5.5,3286.25
CPT-50252,Oumar Ba,COMPTE_COMMERCANT_PRO,6487000,30,5.5,29732.08
CPT-50253,Cheikh Touré,COMPTE_PARTICULIER_PREMIUM,2530000,30,5.0,10541.67
CPT-50254,Adama Touré,COMPTE_EPARGNE_DEPOT,3140000,30,5.0,13083.33
CPT-50255,Seydou Kane,COMPTE_COMMERCANT_PRO,1795000,30,5.5,8227.08
CPT-50256,Sékou Gueye,COMPTE_PARTICULIER_PREMIUM,764000,30,5.0,3183.33
CPT-50257,Khadija Touré,COMPTE_EPARGNE_DEPOT,1229000,30,5.0,5120.83
CPT-50258,Adama Ouédraogo,COMPTE_COURANT_ENTREPRISE,9102000,30,6.5,49302.5
CPT-50259,Koffi Touré,COMPTE_PARTICULIER_PREMIUM,2600000,30,5.0,10833.33
CPT-50260,Amadou Kouadio,COMPTE_COMMERCANT_PRO,6549000,30,5.5,30016.25
CPT-50261,Yao Sangaré,COMPTE_EPARGNE_DEPOT,2150000,30,5.0,8958.33
CPT-50262,Khadija Cissé,COMPTE_COMMERCANT_PRO,5901000,30,5.5,27046.25
CPT-50263,Ibrahim Koffi,COMPTE_COMMERCANT_PRO,4890000,30,5.5,22412.5
CPT-50264,Aïssatou Sanogo,COMPTE_EPARGNE_DEPOT,2869000,30,5.0,11954.17
CPT-50265,Aminata Soro,COMPTE_EPARGNE_DEPOT,885000,30,5.0,3687.5
CPT-50266,Bintou Sanogo,COMPTE_COURANT_ENTREPRISE,24439000,30,6.5,132377.92
CPT-50267,Kouassi Sow,COMPTE_PARTICULIER_PREMIUM,1447000,30,5.0,6029.17
CPT-50268,Mamadou Ouédraogo,COMPTE_PARTICULIER_PREMIUM,1317000,30,5.0,5487.5
CPT-50269,Khadija Sangaré,COMPTE_COURANT_ENTREPRISE,23810000,30,6.5,128970.83
CPT-50270,Mamadou Ba,COMPTE_EPARGNE_DEPOT,2076000,30,5.0,8650.0
CPT-50271,Koffi Sylla,COMPTE_COURANT_ENTREPRISE,19586000,30,6.5,106090.83
CPT-50272,Fanta Ouédraogo,COMPTE_PARTICULIER_PREMIUM,1674000,30,5.0,6975.0
CPT-50273,Moussa Koné,COMPTE_EPARGNE_DEPOT,2777000,30,5.0,11570.83
CPT-50274,Awa Sow,COMPTE_COURANT_ENTREPRISE,11109000,30,6.5,60173.75
CPT-50275,Salif Fall,COMPTE_COURANT_ENTREPRISE,3878000,30,6.5,21005.83
CPT-50276,Seydou Koffi,COMPTE_PARTICULIER_PREMIUM,1176000,30,5.0,4900.0
CPT-50277,Mariam Sangaré,COMPTE_PARTICULIER_PREMIUM,3042000,30,5.0,12675.0
CPT-50278,Abdoulaye Sylla,COMPTE_PARTICULIER_PREMIUM,1107000,30,5.0,4612.5
CPT-50279,Djeneba Gueye,COMPTE_EPARGNE_DEPOT,894000,30,5.0,3725.0
CPT-50280,Fatou Barry,COMPTE_COMMERCANT_PRO,5130000,30,5.5,23512.5
CPT-50281,Mariam Diallo,COMPTE_PARTICULIER_PREMIUM,3225000,30,5.0,13437.5
CPT-50282,Clarisse Diallo,COMPTE_PARTICULIER_PREMIUM,2341000,30,5.0,9754.17
CPT-50283,Cheikh Koné,COMPTE_PARTICULIER_PREMIUM,1104000,30,5.0,4600.0
CPT-50284,Oumar Koffi,COMPTE_EPARGNE_DEPOT,2097000,30,5.0,8737.5
CPT-50285,Awa Fall,COMPTE_COURANT_ENTREPRISE,12699000,30,6.5,68786.25
CPT-50286,Boubacar Sylla,COMPTE_COURANT_ENTREPRISE,8590000,30,6.5,46529.17
CPT-50287,Bintou Coulibaly,COMPTE_EPARGNE_DEPOT,499000,30,5.0,2079.17
CPT-50288,Bintou Ndiaye,COMPTE_COURANT_ENTREPRISE,20198000,30,6.5,109405.83
CPT-50289,Koffi Ndiaye,COMPTE_EPARGNE_DEPOT,1408000,30,5.0,5866.67
CPT-50290,Koffi Traoré,COMPTE_EPARGNE_DEPOT,617000,30,5.0,2570.83
CPT-50291,Sékou Fofana,COMPTE_PARTICULIER_PREMIUM,2620000,30,5.0,10916.67
CPT-50292,Boubacar Sylla,COMPTE_EPARGNE_DEPOT,152000,30,5.0,633.33
CPT-50293,Mariam Bamba,COMPTE_COMMERCANT_PRO,4632000,30,5.5,21230.0
CPT-50294,Adama Cissé,COMPTE_COMMERCANT_PRO,4755000,30,5.5,21793.75
CPT-50295,Bintou Soro,COMPTE_COMMERCANT_PRO,5912000,30,5.5,27096.67
CPT-50296,Cheikh Kouadio,COMPTE_PARTICULIER_PREMIUM,1580000,30,5.0,6583.33
CPT-50297,Mariam Kane,COMPTE_COMMERCANT_PRO,5750000,30,5.5,26354.17
CPT-50298,Seydou Coulibaly,COMPTE_PARTICULIER_PREMIUM,2195000,30,5.0,9145.83
CPT-50299,Amadou Sow,COMPTE_EPARGNE_DEPOT,2229000,30,5.0,9287.5
CPT-50300,Aminata Cissé,COMPTE_COURANT_ENTREPRISE,16496000,30,6.5,89353.33
CPT-50301,Moussa Touré,COMPTE_COURANT_ENTREPRISE,16871000,30,6.5,91384.58
CPT-50302,Bakary Sylla,COMPTE_PARTICULIER_PREMIUM,961000,30,5.0,4004.17
CPT-50303,Hawa Coulibaly,COMPTE_PARTICULIER_PREMIUM,1044000,30,5.0,4350.0
CPT-50304,Cheikh Soro,COMPTE_COMMERCANT_PRO,3184000,30,5.5,14593.33
CPT-50305,Hawa Soro,COMPTE_EPARGNE_DEPOT,581000,30,5.0,2420.83
CPT-50306,Moussa Touré,COMPTE_PARTICULIER_PREMIUM,2544000,30,5.0,10600.0
CPT-50307,Moussa Diop,COMPTE_COMMERCANT_PRO,1811000,30,5.5,8300.42
CPT-50308,Mamadou Sanogo,COMPTE_PARTICULIER_PREMIUM,812000,30,5.0,3383.33
CPT-50309,Khadija Kane,COMPTE_PARTICULIER_PREMIUM,1516000,30,5.0,6316.67
CPT-50310,Yao Camara,COMPTE_EPARGNE_DEPOT,3420000,30,5.0,14250.0
CPT-50311,Sékou Kouadio,COMPTE_PARTICULIER_PREMIUM,1252000,30,5.0,5216.67
CPT-50312,Bintou Touré,COMPTE_COMMERCANT_PRO,1716000,30,5.5,7865.0
CPT-50313,Cheikh Sow,COMPTE_COMMERCANT_PRO,7456000,30,5.5,34173.33
CPT-50314,Sékou Sow,COMPTE_EPARGNE_DEPOT,1441000,30,5.0,6004.17
CPT-50315,Nafi Koffi,COMPTE_EPARGNE_DEPOT,3348000,30,5.0,13950.0
CPT-50316,Nafi Traoré,COMPTE_EPARGNE_DEPOT,381000,30,5.0,1587.5
CPT-50317,Nafi Ba,COMPTE_PARTICULIER_PREMIUM,2066000,30,5.0,8608.33
CPT-50318,Hawa Kouadio,COMPTE_COURANT_ENTREPRISE,8785000,30,6.5,47585.42
CPT-50319,Mamadou Kane,COMPTE_COMMERCANT_PRO,2972000,30,5.5,13621.67
CPT-50320,Clarisse Ba,COMPTE_COURANT_ENTREPRISE,12799000,30,6.5,69327.92
CPT-50321,Nafi Sanogo,COMPTE_COMMERCANT_PRO,5181000,30,5.5,23746.25
CPT-50322,Salif Sangaré,COMPTE_PARTICULIER_PREMIUM,3494000,30,5.0,14558.33
CPT-50323,Mamadou Barry,COMPTE_EPARGNE_DEPOT,1299000,30,5.0,5412.5
CPT-50324,Awa Diallo,COMPTE_PARTICULIER_PREMIUM,822000,30,5.0,3425.0
CPT-50325,Bakary Sangaré,COMPTE_EPARGNE_DEPOT,3175000,30,5.0,13229.17
CPT-50326,Koffi Camara,COMPTE_COURANT_ENTREPRISE,24126000,30,6.5,130682.5
CPT-50327,Jean-Baptiste Gueye,COMPTE_EPARGNE_DEPOT,1197000,30,5.0,4987.5
CPT-50328,Mariam Barry,COMPTE_EPARGNE_DEPOT,398000,30,5.0,1658.33
CPT-50329,Awa Koné,COMPTE_COMMERCANT_PRO,2815000,30,5.5,12902.08
CPT-50330,Salif Ba,COMPTE_EPARGNE_DEPOT,1342000,30,5.0,5591.67
CPT-50331,Awa Camara,COMPTE_PARTICULIER_PREMIUM,3294000,30,5.0,13725.0
CPT-50332,Kouassi Sow,COMPTE_EPARGNE_DEPOT,786000,30,5.0,3275.0
CPT-50333,Tidiane Diop,COMPTE_COMMERCANT_PRO,5315000,30,5.5,24360.42
CPT-50334,Mamadou Fall,COMPTE_COURANT_ENTREPRISE,16705000,30,6.5,90485.42
CPT-50335,Oumar Sow,COMPTE_COMMERCANT_PRO,5169000,30,5.5,23691.25
CPT-50336,Yao Touré,COMPTE_COURANT_ENTREPRISE,6713000,30,6.5,36362.08
CPT-50337,Hawa Diallo,COMPTE_COMMERCANT_PRO,7659000,30,5.5,35103.75
CPT-50338,Aïssatou Fofana,COMPTE_PARTICULIER_PREMIUM,922000,30,5.0,3841.67
CPT-50339,Bakary Fofana,COMPTE_PARTICULIER_PREMIUM,2082000,30,5.0,8675.0
CPT-50340,Aïssatou Sow,COMPTE_PARTICULIER_PREMIUM,2992000,30,5.0,12466.67
CPT-50341,Djeneba Kouadio,COMPTE_COMMERCANT_PRO,5563000,30,5.5,25497.08
CPT-50342,Sékou Traoré,COMPTE_PARTICULIER_PREMIUM,649000,30,5.0,2704.17
CPT-50343,Adama Bamba,COMPTE_EPARGNE_DEPOT,1812000,30,5.0,7550.0
CPT-50344,Boubacar Camara,COMPTE_COURANT_ENTREPRISE,19730000,30,6.5,106870.83
CPT-50345,Fatou Soro,COMPTE_COMMERCANT_PRO,635000,30,5.5,2910.42
CPT-50346,Koffi Bamba,COMPTE_COURANT_ENTREPRISE,18918000,30,6.5,102472.5
CPT-50347,Tidiane Sow,COMPTE_EPARGNE_DEPOT,1335000,30,5.0,5562.5
CPT-50348,Koffi Sow,COMPTE_COURANT_ENTREPRISE,4535000,30,6.5,24564.58
CPT-50349,Koffi Diallo,COMPTE_COURANT_ENTREPRISE,19842000,30,6.5,107477.5
CPT-50350,Aminata Soro,COMPTE_COURANT_ENTREPRISE,21257000,30,6.5,115142.08
CPT-50351,Abdoulaye Fofana,COMPTE_PARTICULIER_PREMIUM,3303000,30,5.0,13762.5
CPT-50352,Kouassi Kane,COMPTE_EPARGNE_DEPOT,1311000,30,5.0,5462.5
CPT-50353,Seydou Fofana,COMPTE_PARTICULIER_PREMIUM,2878000,30,5.0,11991.67
CPT-50354,Bakary Diallo,COMPTE_PARTICULIER_PREMIUM,2867000,30,5.0,11945.83
CPT-50355,Koffi Sow,COMPTE_EPARGNE_DEPOT,2363000,30,5.0,9845.83
CPT-50356,Hawa Gueye,COMPTE_EPARGNE_DEPOT,240000,30,5.0,1000.0
CPT-50357,Jean-Baptiste Koffi,COMPTE_COMMERCANT_PRO,553000,30,5.5,2534.58
CPT-50358,Khadija Sanogo,COMPTE_COURANT_ENTREPRISE,2286000,30,6.5,12382.5
CPT-50359,Oumar Sow,COMPTE_EPARGNE_DEPOT,781000,30,5.0,3254.17
CPT-50360,Mariam Ouédraogo,COMPTE_COMMERCANT_PRO,4965000,30,5.5,22756.25
CPT-50361,Seydou Sylla,COMPTE_PARTICULIER_PREMIUM,3379000,30,5.0,14079.17
CPT-50362,Clarisse Koffi,COMPTE_COMMERCANT_PRO,7993000,30,5.5,36634.58
CPT-50363,Fanta Gueye,COMPTE_PARTICULIER_PREMIUM,942000,30,5.0,3925.0
CPT-50364,Hawa Diop,COMPTE_PARTICULIER_PREMIUM,1443000,30,5.0,6012.5
CPT-50365,Aminata Coulibaly,COMPTE_COURANT_ENTREPRISE,19898000,30,6.5,107780.83
CPT-50366,Khadija Koné,COMPTE_PARTICULIER_PREMIUM,2415000,30,5.0,10062.5
CPT-50367,Aïssatou Diallo,COMPTE_COMMERCANT_PRO,7802000,30,5.5,35759.17
CPT-50368,Bakary Ouédraogo,COMPTE_PARTICULIER_PREMIUM,995000,30,5.0,4145.83
CPT-50369,Cheikh Cissé,COMPTE_EPARGNE_DEPOT,1286000,30,5.0,5358.33
CPT-50370,Oumar Ndiaye,COMPTE_COMMERCANT_PRO,728000,30,5.5,3336.67
CPT-50371,Ibrahim Fofana,COMPTE_COURANT_ENTREPRISE,14586000,30,6.5,79007.5
CPT-50372,Amadou Fofana,COMPTE_PARTICULIER_PREMIUM,1745000,30,5.0,7270.83
CPT-50373,Fatou Fofana,COMPTE_EPARGNE_DEPOT,1824000,30,5.0,7600.0
CPT-50374,Mamadou Ndiaye,COMPTE_EPARGNE_DEPOT,2625000,30,5.0,10937.5
CPT-50375,Clarisse Coulibaly,COMPTE_COURANT_ENTREPRISE,7875000,30,6.5,42656.25
CPT-50376,Yao Koffi,COMPTE_COURANT_ENTREPRISE,7465000,30,6.5,40435.42
CPT-50377,Hawa Ndiaye,COMPTE_COURANT_ENTREPRISE,18411000,30,6.5,99726.25
CPT-50378,Sékou Barry,COMPTE_COMMERCANT_PRO,6788000,30,5.5,31111.67
CPT-50379,Bakary Bamba,COMPTE_PARTICULIER_PREMIUM,1032000,30,5.0,4300.0
CPT-50380,Kouassi Soro,COMPTE_COMMERCANT_PRO,4509000,30,5.5,20666.25
CPT-50381,Mariam Soro,COMPTE_COURANT_ENTREPRISE,17332000,30,6.5,93881.67
CPT-50382,Amadou Traoré,COMPTE_EPARGNE_DEPOT,1911000,30,5.0,7962.5
CPT-50383,Jean-Baptiste Coulibaly,COMPTE_COMMERCANT_PRO,3523000,30,5.5,16147.08
CPT-50384,Cheikh Diallo,COMPTE_EPARGNE_DEPOT,2884000,30,5.0,12016.67
CPT-50385,Cheikh Ouédraogo,COMPTE_COURANT_ENTREPRISE,23824000,30,6.5,129046.67
CPT-50386,Adama Sanogo,COMPTE_EPARGNE_DEPOT,216000,30,5.0,900.0
CPT-50387,Mariam Sangaré,COMPTE_COMMERCANT_PRO,880000,30,5.5,4033.33
CPT-50388,Ibrahim Ouédraogo,COMPTE_PARTICULIER_PREMIUM,2518000,30,5.0,10491.67
CPT-50389,Amadou Diop,COMPTE_PARTICULIER_PREMIUM,738000,30,5.0,3075.0
CPT-50390,Djeneba Camara,COMPTE_COURANT_ENTREPRISE,4052000,30,6.5,21948.33
CPT-50391,Khadija Ndiaye,COMPTE_COMMERCANT_PRO,3618000,30,5.5,16582.5
CPT-50392,Khadija Bamba,COMPTE_PARTICULIER_PREMIUM,1908000,30,5.0,7950.0
CPT-50393,Aminata Cissé,COMPTE_PARTICULIER_PREMIUM,3262000,30,5.0,13591.67
CPT-50394,Boubacar Kane,COMPTE_PARTICULIER_PREMIUM,1681000,30,5.0,7004.17
CPT-50395,Fanta Coulibaly,COMPTE_PARTICULIER_PREMIUM,275000,30,5.0,1145.83
CPT-50396,Bintou Ndiaye,COMPTE_COMMERCANT_PRO,3886000,30,5.5,17810.83
CPT-50397,Adama Ba,COMPTE_COMMERCANT_PRO,5716000,30,5.5,26198.33
CPT-50398,Bakary Traoré,COMPTE_COURANT_ENTREPRISE,13126000,30,6.5,71099.17
CPT-50399,Amadou Camara,COMPTE_COURANT_ENTREPRISE,6843000,30,6.5,37066.25
CPT-50400,Abdoulaye Bamba,COMPTE_COURANT_ENTREPRISE,20101000,30,6.5,108880.42
CPT-50401,Jean-Baptiste Barry,COMPTE_PARTICULIER_PREMIUM,813000,30,5.0,3387.5
CPT-50402,Awa Traoré,COMPTE_COMMERCANT_PRO,2368000,30,5.5,10853.33
CPT-50403,Kouassi Bamba,COMPTE_COURANT_ENTREPRISE,5771000,30,6.5,31259.58
CPT-50404,Bintou Fofana,COMPTE_EPARGNE_DEPOT,2401000,30,5.0,10004.17
CPT-50405,Seydou Diop,COMPTE_COURANT_ENTREPRISE,12449000,30,6.5,67432.08
CPT-50406,Bintou Camara,COMPTE_COMMERCANT_PRO,1575000,30,5.5,7218.75
CPT-50407,Bakary Kane,COMPTE_COMMERCANT_PRO,5647000,30,5.5,25882.08
CPT-50408,Moussa Gueye,COMPTE_COURANT_ENTREPRISE,18031000,30,6.5,97667.92
CPT-50409,Bintou Sangaré,COMPTE_PARTICULIER_PREMIUM,677000,30,5.0,2820.83
CPT-50410,Oumar Soro,COMPTE_PARTICULIER_PREMIUM,748000,30,5.0,3116.67
CPT-50411,Oumar Kane,COMPTE_COURANT_ENTREPRISE,5180000,30,6.5,28058.33
CPT-50412,Djeneba Sanogo,COMPTE_COMMERCANT_PRO,7940000,30,5.5,36391.67
CPT-50413,Khadija Coulibaly,COMPTE_PARTICULIER_PREMIUM,1098000,30,5.0,4575.0
CPT-50414,Mariam Cissé,COMPTE_COMMERCANT_PRO,3256000,30,5.5,14923.33
CPT-50415,Djeneba Fofana,COMPTE_COMMERCANT_PRO,6874000,30,5.5,31505.83
CPT-50416,Fanta Diop,COMPTE_COMMERCANT_PRO,4040000,30,5.5,18516.67
CPT-50417,Aïssatou Kane,COMPTE_PARTICULIER_PREMIUM,2580000,30,5.0,10750.0
CPT-50418,Sékou Koné,COMPTE_EPARGNE_DEPOT,2800000,30,5.0,11666.67
CPT-50419,Fatou Ndiaye,COMPTE_PARTICULIER_PREMIUM,210000,30,5.0,875.0
CPT-50420,Ibrahim Sylla,COMPTE_COURANT_ENTREPRISE,9980000,30,6.5,54058.33
CPT-50421,Aminata Sanogo,COMPTE_COMMERCANT_PRO,598000,30,5.5,2740.83
CPT-50422,Koffi Camara,COMPTE_EPARGNE_DEPOT,1592000,30,5.0,6633.33
CPT-50423,Mamadou Sylla,COMPTE_EPARGNE_DEPOT,2046000,30,5.0,8525.0
CPT-50424,Mamadou Fofana,COMPTE_COMMERCANT_PRO,5079000,30,5.5,23278.75
CPT-50425,Seydou Coulibaly,COMPTE_COMMERCANT_PRO,5998000,30,5.5,27490.83
CPT-50426,Hawa Soro,COMPTE_COMMERCANT_PRO,3329000,30,5.5,15257.92
CPT-50427,Fanta Cissé,COMPTE_COMMERCANT_PRO,3360000,30,5.5,15400.0
CPT-50428,Boubacar Camara,COMPTE_EPARGNE_DEPOT,2931000,30,5.0,12212.5
CPT-50429,Awa Kane,COMPTE_COMMERCANT_PRO,6902000,30,5.5,31634.17
CPT-50430,Yao Kouadio,COMPTE_COURANT_ENTREPRISE,14261000,30,6.5,77247.08
CPT-50431,Nafi Sylla,COMPTE_COURANT_ENTREPRISE,20230000,30,6.5,109579.17
CPT-50432,Ibrahim Coulibaly,COMPTE_PARTICULIER_PREMIUM,2068000,30,5.0,8616.67
CPT-50433,Clarisse Coulibaly,COMPTE_COURANT_ENTREPRISE,20470000,30,6.5,110879.17
CPT-50434,Djeneba Touré,COMPTE_PARTICULIER_PREMIUM,1608000,30,5.0,6700.0
CPT-50435,Cheikh Fofana,COMPTE_EPARGNE_DEPOT,2470000,30,5.0,10291.67
CPT-50436,Kouassi Soro,COMPTE_PARTICULIER_PREMIUM,1817000,30,5.0,7570.83
CPT-50437,Clarisse Soro,COMPTE_PARTICULIER_PREMIUM,744000,30,5.0,3100.0
CPT-50438,Clarisse Kane,COMPTE_PARTICULIER_PREMIUM,3404000,30,5.0,14183.33
CPT-50439,Amadou Ndiaye,COMPTE_COMMERCANT_PRO,4908000,30,5.5,22495.0
CPT-50440,Khadija Diop,COMPTE_COURANT_ENTREPRISE,19889000,30,6.5,107732.08
CPT-50441,Aïssatou Fall,COMPTE_PARTICULIER_PREMIUM,3059000,30,5.0,12745.83
CPT-50442,Yao Cissé,COMPTE_COMMERCANT_PRO,1831000,30,5.5,8392.08
CPT-50443,Awa Kane,COMPTE_PARTICULIER_PREMIUM,2812000,30,5.0,11716.67
CPT-50444,Adama Barry,COMPTE_PARTICULIER_PREMIUM,3300000,30,5.0,13750.0
CPT-50445,Djeneba Diop,COMPTE_EPARGNE_DEPOT,998000,30,5.0,4158.33
CPT-50446,Mariam Koné,COMPTE_EPARGNE_DEPOT,1393000,30,5.0,5804.17
CPT-50447,Jean-Baptiste Soro,COMPTE_EPARGNE_DEPOT,2148000,30,5.0,8950.0
CPT-50448,Seydou Sow,COMPTE_PARTICULIER_PREMIUM,3176000,30,5.0,13233.33
CPT-50449,Cheikh Traoré,COMPTE_COURANT_ENTREPRISE,10433000,30,6.5,56512.08
CPT-50450,Djeneba Fall,COMPTE_COMMERCANT_PRO,2251000,30,5.5,10317.08
CPT-50451,Abdoulaye Sangaré,COMPTE_COURANT_ENTREPRISE,3987000,30,6.5,21596.25
CPT-50452,Hawa Bamba,COMPTE_PARTICULIER_PREMIUM,753000,30,5.0,3137.5
CPT-50453,Bintou Cissé,COMPTE_PARTICULIER_PREMIUM,1790000,30,5.0,7458.33
CPT-50454,Boubacar Cissé,COMPTE_EPARGNE_DEPOT,1789000,30,5.0,7454.17
CPT-50455,Koffi Ndiaye,COMPTE_PARTICULIER_PREMIUM,1619000,30,5.0,6745.83
CPT-50456,Kouassi Ouédraogo,COMPTE_COMMERCANT_PRO,1678000,30,5.5,7690.83
CPT-50457,Fanta Sanogo,COMPTE_COURANT_ENTREPRISE,21660000,30,6.5,117325.0
CPT-50458,Moussa Diop,COMPTE_PARTICULIER_PREMIUM,2009000,30,5.0,8370.83
CPT-50459,Ibrahim Kane,COMPTE_COMMERCANT_PRO,6880000,30,5.5,31533.33
CPT-50460,Bakary Traoré,COMPTE_COURANT_ENTREPRISE,19469000,30,6.5,105457.08
CPT-50461,Cheikh Soro,COMPTE_COURANT_ENTREPRISE,23090000,30,6.5,125070.83
CPT-50462,Khadija Camara,COMPTE_PARTICULIER_PREMIUM,2920000,30,5.0,12166.67
CPT-50463,Seydou Touré,COMPTE_COURANT_ENTREPRISE,20161000,30,6.5,109205.42
CPT-50464,Sékou Barry,COMPTE_EPARGNE_DEPOT,794000,30,5.0,3308.33
CPT-50465,Kouassi Sangaré,COMPTE_COMMERCANT_PRO,7842000,30,5.5,35942.5
CPT-50466,Mariam Koné,COMPTE_EPARGNE_DEPOT,1221000,30,5.0,5087.5
CPT-50467,Awa Sylla,COMPTE_EPARGNE_DEPOT,1936000,30,5.0,8066.67
CPT-50468,Koffi Cissé,COMPTE_EPARGNE_DEPOT,3331000,30,5.0,13879.17
CPT-50469,Cheikh Ouédraogo,COMPTE_COURANT_ENTREPRISE,4972000,30,6.5,26931.67
CPT-50470,Sékou Barry,COMPTE_COMMERCANT_PRO,2524000,30,5.5,11568.33
CPT-50471,Tidiane Kane,COMPTE_EPARGNE_DEPOT,3092000,30,5.0,12883.33
CPT-50472,Nafi Bamba,COMPTE_COURANT_ENTREPRISE,23409000,30,6.5,126798.75
CPT-50473,Awa Kouadio,COMPTE_COMMERCANT_PRO,2611000,30,5.5,11967.08
CPT-50474,Adama Soro,COMPTE_COMMERCANT_PRO,4020000,30,5.5,18425.0
CPT-50475,Moussa Kouadio,COMPTE_COMMERCANT_PRO,1197000,30,5.5,5486.25
CPT-50476,Amadou Coulibaly,COMPTE_EPARGNE_DEPOT,1168000,30,5.0,4866.67
CPT-50477,Koffi Camara,COMPTE_PARTICULIER_PREMIUM,2629000,30,5.0,10954.17
CPT-50478,Nafi Kane,COMPTE_COMMERCANT_PRO,1372000,30,5.5,6288.33
CPT-50479,Hawa Gueye,COMPTE_EPARGNE_DEPOT,2501000,30,5.0,10420.83
CPT-50480,Khadija Koffi,COMPTE_EPARGNE_DEPOT,2694000,30,5.0,11225.0
CPT-50481,Yao Kane,COMPTE_EPARGNE_DEPOT,326000,30,5.0,1358.33
CPT-50482,Khadija Coulibaly,COMPTE_COURANT_ENTREPRISE,21314000,30,6.5,115450.83
CPT-50483,Awa Coulibaly,COMPTE_PARTICULIER_PREMIUM,1662000,30,5.0,6925.0
CPT-50484,Koffi Kane,COMPTE_EPARGNE_DEPOT,1801000,30,5.0,7504.17
CPT-50485,Djeneba Sangaré,COMPTE_COURANT_ENTREPRISE,13653000,30,6.5,73953.75
CPT-50486,Adama Fofana,COMPTE_EPARGNE_DEPOT,2554000,30,5.0,10641.67
CPT-50487,Tidiane Soro,COMPTE_COURANT_ENTREPRISE,15377000,30,6.5,83292.08
CPT-50488,Clarisse Sylla,COMPTE_EPARGNE_DEPOT,2956000,30,5.0,12316.67
CPT-50489,Abdoulaye Traoré,COMPTE_PARTICULIER_PREMIUM,2527000,30,5.0,10529.17
CPT-50490,Aminata Traoré,COMPTE_COMMERCANT_PRO,1328000,30,5.5,6086.67
CPT-50491,Cheikh Bamba,COMPTE_COURANT_ENTREPRISE,17321000,30,6.5,93822.08
CPT-50492,Tidiane Kouadio,COMPTE_COMMERCANT_PRO,7364000,30,5.5,33751.67
CPT-50493,Moussa Ba,COMPTE_COMMERCANT_PRO,2586000,30,5.5,11852.5
CPT-50494,Mariam Fofana,COMPTE_COURANT_ENTREPRISE,12888000,30,6.5,69810.0
CPT-50495,Seydou Gueye,COMPTE_COMMERCANT_PRO,6947000,30,5.5,31840.42
CPT-50496,Boubacar Cissé,COMPTE_PARTICULIER_PREMIUM,2492000,30,5.0,10383.33
CPT-50497,Hawa Fall,COMPTE_COMMERCANT_PRO,6713000,30,5.5,30767.92
CPT-50498,Jean-Baptiste Ba,COMPTE_PARTICULIER_PREMIUM,2246000,30,5.0,9358.33
CPT-50499,Tidiane Diallo,COMPTE_COMMERCANT_PRO,3451000,30,5.5,15817.08
CPT-50500,Khadija Fall,COMPTE_PARTICULIER_PREMIUM,1477000,30,5.0,6154.17
CPT-50501,Clarisse Touré,COMPTE_COURANT_ENTREPRISE,5034000,30,6.5,27267.5
CPT-50502,Adama Sanogo,COMPTE_COMMERCANT_PRO,5716000,30,5.5,26198.33
CPT-50503,Bintou Sylla,COMPTE_PARTICULIER_PREMIUM,3323000,30,5.0,13845.83
CPT-50504,Jean-Baptiste Ndiaye,COMPTE_COMMERCANT_PRO,7680000,30,5.5,35200.0
CPT-50505,Djeneba Camara,COMPTE_COMMERCANT_PRO,3326000,30,5.5,15244.17
CPT-50506,Boubacar Fofana,COMPTE_COMMERCANT_PRO,6831000,30,5.5,31308.75
CPT-50507,Aminata Cissé,COMPTE_COMMERCANT_PRO,633000,30,5.5,2901.25
CPT-50508,Awa Ndiaye,COMPTE_COMMERCANT_PRO,4745000,30,5.5,21747.92
CPT-50509,Djeneba Sylla,COMPTE_COMMERCANT_PRO,6848000,30,5.5,31386.67
CPT-50510,Salif Fall,COMPTE_PARTICULIER_PREMIUM,1819000,30,5.0,7579.17
CPT-50511,Khadija Gueye,COMPTE_COURANT_ENTREPRISE,8664000,30,6.5,46930.0
CPT-50512,Kouassi Diallo,COMPTE_EPARGNE_DEPOT,1254000,30,5.0,5225.0
CPT-50513,Ibrahim Gueye,COMPTE_COMMERCANT_PRO,4969000,30,5.5,22774.58
CPT-50514,Aïssatou Sanogo,COMPTE_PARTICULIER_PREMIUM,1765000,30,5.0,7354.17
CPT-50515,Awa Sangaré,COMPTE_COMMERCANT_PRO,5645000,30,5.5,25872.92
CPT-50516,Koffi Diallo,COMPTE_COMMERCANT_PRO,2385000,30,5.5,10931.25
CPT-50517,Seydou Koné,COMPTE_PARTICULIER_PREMIUM,2448000,30,5.0,10200.0
CPT-50518,Ibrahim Kane,COMPTE_COMMERCANT_PRO,721000,30,5.5,3304.58
CPT-50519,Bintou Ouédraogo,COMPTE_PARTICULIER_PREMIUM,1179000,30,5.0,4912.5
CPT-50520,Fanta Ouédraogo,COMPTE_EPARGNE_DEPOT,2867000,30,5.0,11945.83
CPT-50521,Boubacar Ndiaye,COMPTE_PARTICULIER_PREMIUM,202000,30,5.0,841.67
CPT-50522,Cheikh Ouédraogo,COMPTE_COURANT_ENTREPRISE,22542000,30,6.5,122102.5
CPT-50523,Bintou Fofana,COMPTE_EPARGNE_DEPOT,2483000,30,5.0,10345.83
CPT-50524,Salif Koffi,COMPTE_PARTICULIER_PREMIUM,1879000,30,5.0,7829.17
CPT-50525,Aminata Soro,COMPTE_EPARGNE_DEPOT,2780000,30,5.0,11583.33
CPT-50526,Koffi Sanogo,COMPTE_COMMERCANT_PRO,6428000,30,5.5,29461.67
CPT-50527,Boubacar Ba,COMPTE_COMMERCANT_PRO,4118000,30,5.5,18874.17
CPT-50528,Aïssatou Ba,COMPTE_PARTICULIER_PREMIUM,1492000,30,5.0,6216.67
CPT-50529,Salif Ba,COMPTE_COURANT_ENTREPRISE,6512000,30,6.5,35273.33
CPT-50530,Bakary Gueye,COMPTE_PARTICULIER_PREMIUM,3486000,30,5.0,14525.0
CPT-50531,Salif Koffi,COMPTE_PARTICULIER_PREMIUM,555000,30,5.0,2312.5
CPT-50532,Abdoulaye Soro,COMPTE_EPARGNE_DEPOT,2395000,30,5.0,9979.17
CPT-50533,Bakary Coulibaly,COMPTE_PARTICULIER_PREMIUM,3170000,30,5.0,13208.33
CPT-50534,Aïssatou Gueye,COMPTE_PARTICULIER_PREMIUM,2101000,30,5.0,8754.17
CPT-50535,Mariam Koffi,COMPTE_COURANT_ENTREPRISE,17443000,30,6.5,94482.92
CPT-50536,Khadija Fofana,COMPTE_EPARGNE_DEPOT,2629000,30,5.0,10954.17
CPT-50537,Nafi Diallo,COMPTE_PARTICULIER_PREMIUM,242000,30,5.0,1008.33
CPT-50538,Salif Fofana,COMPTE_COURANT_ENTREPRISE,13663000,30,6.5,74007.92
CPT-50539,Bintou Gueye,COMPTE_PARTICULIER_PREMIUM,417000,30,5.0,1737.5
CPT-50540,Moussa Ba,COMPTE_COURANT_ENTREPRISE,11264000,30,6.5,61013.33
CPT-50541,Koffi Kouadio,COMPTE_COURANT_ENTREPRISE,22056000,30,6.5,119470.0
CPT-50542,Bintou Bamba,COMPTE_PARTICULIER_PREMIUM,1811000,30,5.0,7545.83
CPT-50543,Mamadou Kane,COMPTE_EPARGNE_DEPOT,1449000,30,5.0,6037.5
CPT-50544,Salif Gueye,COMPTE_COMMERCANT_PRO,3272000,30,5.5,14996.67
CPT-50545,Oumar Koffi,COMPTE_EPARGNE_DEPOT,754000,30,5.0,3141.67
CPT-50546,Hawa Fall,COMPTE_COMMERCANT_PRO,7737000,30,5.5,35461.25
CPT-50547,Amadou Barry,COMPTE_COURANT_ENTREPRISE,14024000,30,6.5,75963.33
CPT-50548,Koffi Coulibaly,COMPTE_COURANT_ENTREPRISE,22597000,30,6.5,122400.42
CPT-50549,Kouassi Soro,COMPTE_EPARGNE_DEPOT,3213000,30,5.0,13387.5
CPT-50550,Aminata Sangaré,COMPTE_PARTICULIER_PREMIUM,1193000,30,5.0,4970.83
CPT-50551,Khadija Cissé,COMPTE_PARTICULIER_PREMIUM,273000,30,5.0,1137.5
CPT-50552,Adama Camara,COMPTE_COURANT_ENTREPRISE,13133000,30,6.5,71137.08
CPT-50553,Kouassi Coulibaly,COMPTE_EPARGNE_DEPOT,2557000,30,5.0,10654.17
CPT-50554,Djeneba Kane,COMPTE_EPARGNE_DEPOT,1859000,30,5.0,7745.83
CPT-50555,Jean-Baptiste Gueye,COMPTE_EPARGNE_DEPOT,730000,30,5.0,3041.67
CPT-50556,Tidiane Sow,COMPTE_PARTICULIER_PREMIUM,552000,30,5.0,2300.0
CPT-50557,Cheikh Ba,COMPTE_PARTICULIER_PREMIUM,3116000,30,5.0,12983.33
CPT-50558,Nafi Kouadio,COMPTE_EPARGNE_DEPOT,530000,30,5.0,2208.33
CPT-50559,Aminata Kouadio,COMPTE_EPARGNE_DEPOT,991000,30,5.0,4129.17
CPT-50560,Oumar Ba,COMPTE_COURANT_ENTREPRISE,13399000,30,6.5,72577.92
CPT-50561,Seydou Coulibaly,COMPTE_COMMERCANT_PRO,671000,30,5.5,3075.42
CPT-50562,Fanta Barry,COMPTE_COURANT_ENTREPRISE,20694000,30,6.5,112092.5
CPT-50563,Fatou Kane,COMPTE_COMMERCANT_PRO,1301000,30,5.5,5962.92
CPT-50564,Aminata Traoré,COMPTE_COURANT_ENTREPRISE,2156000,30,6.5,11678.33
CPT-50565,Bakary Sanogo,COMPTE_COMMERCANT_PRO,731000,30,5.5,3350.42
CPT-50566,Boubacar Koffi,COMPTE_COMMERCANT_PRO,7708000,30,5.5,35328.33
CPT-50567,Kouassi Cissé,COMPTE_PARTICULIER_PREMIUM,2819000,30,5.0,11745.83
CPT-50568,Khadija Camara,COMPTE_PARTICULIER_PREMIUM,2394000,30,5.0,9975.0
CPT-50569,Mamadou Ba,COMPTE_COURANT_ENTREPRISE,24923000,30,6.5,134999.58
CPT-50570,Abdoulaye Diop,COMPTE_COMMERCANT_PRO,5314000,30,5.5,24355.83
CPT-50571,Aminata Fofana,COMPTE_PARTICULIER_PREMIUM,2277000,30,5.0,9487.5
CPT-50572,Ibrahim Fofana,COMPTE_COURANT_ENTREPRISE,22873000,30,6.5,123895.42
CPT-50573,Fatou Fall,COMPTE_COURANT_ENTREPRISE,12457000,30,6.5,67475.42
CPT-50574,Abdoulaye Touré,COMPTE_COURANT_ENTREPRISE,13712000,30,6.5,74273.33
CPT-50575,Moussa Cissé,COMPTE_PARTICULIER_PREMIUM,568000,30,5.0,2366.67
CPT-50576,Bintou Ndiaye,COMPTE_PARTICULIER_PREMIUM,2721000,30,5.0,11337.5
CPT-50577,Abdoulaye Sow,COMPTE_EPARGNE_DEPOT,2911000,30,5.0,12129.17
CPT-50578,Salif Sanogo,COMPTE_EPARGNE_DEPOT,638000,30,5.0,2658.33
CPT-50579,Moussa Fall,COMPTE_COURANT_ENTREPRISE,13352000,30,6.5,72323.33
CPT-50580,Oumar Ba,COMPTE_PARTICULIER_PREMIUM,1154000,30,5.0,4808.33
CPT-50581,Clarisse Camara,COMPTE_PARTICULIER_PREMIUM,3480000,30,5.0,14500.0
CPT-50582,Jean-Baptiste Koné,COMPTE_COMMERCANT_PRO,991000,30,5.5,4542.08
CPT-50583,Abdoulaye Camara,COMPTE_COURANT_ENTREPRISE,19443000,30,6.5,105316.25
CPT-50584,Kouassi Kane,COMPTE_COMMERCANT_PRO,4923000,30,5.5,22563.75
CPT-50585,Koffi Koffi,COMPTE_EPARGNE_DEPOT,3324000,30,5.0,13850.0
CPT-50586,Salif Sylla,COMPTE_PARTICULIER_PREMIUM,1335000,30,5.0,5562.5
CPT-50587,Bakary Diop,COMPTE_EPARGNE_DEPOT,3352000,30,5.0,13966.67
CPT-50588,Mamadou Touré,COMPTE_EPARGNE_DEPOT,1845000,30,5.0,7687.5
CPT-50589,Nafi Sanogo,COMPTE_COURANT_ENTREPRISE,18457000,30,6.5,99975.42
CPT-50590,Amadou Camara,COMPTE_COURANT_ENTREPRISE,12788000,30,6.5,69268.33
CPT-50591,Salif Camara,COMPTE_EPARGNE_DEPOT,1433000,30,5.0,5970.83
CPT-50592,Bintou Touré,COMPTE_COURANT_ENTREPRISE,19701000,30,6.5,106713.75
CPT-50593,Clarisse Koné,COMPTE_PARTICULIER_PREMIUM,524000,30,5.0,2183.33
CPT-50594,Cheikh Koffi,COMPTE_PARTICULIER_PREMIUM,2838000,30,5.0,11825.0
CPT-50595,Bakary Sangaré,COMPTE_COURANT_ENTREPRISE,19927000,30,6.5,107937.92
CPT-50596,Amadou Koné,COMPTE_COMMERCANT_PRO,3728000,30,5.5,17086.67
CPT-50597,Mamadou Ba,COMPTE_COURANT_ENTREPRISE,24956000,30,6.5,135178.33
CPT-50598,Tidiane Bamba,COMPTE_PARTICULIER_PREMIUM,2283000,30,5.0,9512.5
CPT-50599,Aïssatou Kane,COMPTE_COURANT_ENTREPRISE,9197000,30,6.5,49817.08
CPT-50600,Awa Fofana,COMPTE_PARTICULIER_PREMIUM,1079000,30,5.0,4495.83
CPT-50601,Djeneba Sow,COMPTE_COURANT_ENTREPRISE,8831000,30,6.5,47834.58
CPT-50602,Bintou Ndiaye,COMPTE_COURANT_ENTREPRISE,3517000,30,6.5,19050.42
CPT-50603,Abdoulaye Sanogo,COMPTE_PARTICULIER_PREMIUM,3041000,30,5.0,12670.83
CPT-50604,Awa Touré,COMPTE_COURANT_ENTREPRISE,10066000,30,6.5,54524.17
CPT-50605,Moussa Sow,COMPTE_PARTICULIER_PREMIUM,1785000,30,5.0,7437.5
CPT-50606,Clarisse Ouédraogo,COMPTE_COMMERCANT_PRO,7527000,30,5.5,34498.75
CPT-50607,Jean-Baptiste Koné,COMPTE_PARTICULIER_PREMIUM,744000,30,5.0,3100.0
CPT-50608,Khadija Ouédraogo,COMPTE_COMMERCANT_PRO,7898000,30,5.5,36199.17
CPT-50609,Abdoulaye Bamba,COMPTE_COMMERCANT_PRO,2218000,30,5.5,10165.83
CPT-50610,Fanta Sylla,COMPTE_COMMERCANT_PRO,3932000,30,5.5,18021.67
CPT-50611,Djeneba Traoré,COMPTE_EPARGNE_DEPOT,1884000,30,5.0,7850.0
CPT-50612,Jean-Baptiste Kouadio,COMPTE_PARTICULIER_PREMIUM,3418000,30,5.0,14241.67
CPT-50613,Bintou Kouadio,COMPTE_COURANT_ENTREPRISE,23023000,30,6.5,124707.92
CPT-50614,Djeneba Sanogo,COMPTE_COURANT_ENTREPRISE,17070000,30,6.5,92462.5
CPT-50615,Ibrahim Kane,COMPTE_PARTICULIER_PREMIUM,445000,30,5.0,1854.17
CPT-50616,Adama Coulibaly,COMPTE_COURANT_ENTREPRISE,7332000,30,6.5,39715.0
CPT-50617,Fanta Camara,COMPTE_COURANT_ENTREPRISE,8152000,30,6.5,44156.67
CPT-50618,Salif Sow,COMPTE_PARTICULIER_PREMIUM,3254000,30,5.0,13558.33
CPT-50619,Mariam Kane,COMPTE_EPARGNE_DEPOT,1344000,30,5.0,5600.0
CPT-50620,Salif Touré,COMPTE_COMMERCANT_PRO,7676000,30,5.5,35181.67
CPT-50621,Koffi Kouadio,COMPTE_COURANT_ENTREPRISE,6006000,30,6.5,32532.5
CPT-50622,Jean-Baptiste Ndiaye,COMPTE_COURANT_ENTREPRISE,20614000,30,6.5,111659.17
CPT-50623,Tidiane Camara,COMPTE_PARTICULIER_PREMIUM,683000,30,5.0,2845.83
CPT-50624,Yao Koné,COMPTE_EPARGNE_DEPOT,2158000,30,5.0,8991.67
CPT-50625,Awa Coulibaly,COMPTE_PARTICULIER_PREMIUM,309000,30,5.0,1287.5
CPT-50626,Clarisse Sanogo,COMPTE_PARTICULIER_PREMIUM,500000,30,5.0,2083.33
CPT-50627,Hawa Gueye,COMPTE_COURANT_ENTREPRISE,10111000,30,6.5,54767.92
CPT-50628,Nafi Barry,COMPTE_COMMERCANT_PRO,4175000,30,5.5,19135.42
CPT-50629,Sékou Diop,COMPTE_EPARGNE_DEPOT,2654000,30,5.0,11058.33
CPT-50630,Hawa Koné,COMPTE_PARTICULIER_PREMIUM,3373000,30,5.0,14054.17
CPT-50631,Mamadou Sangaré,COMPTE_COMMERCANT_PRO,867000,30,5.5,3973.75
CPT-50632,Koffi Traoré,COMPTE_PARTICULIER_PREMIUM,1581000,30,5.0,6587.5
CPT-50633,Tidiane Kouadio,COMPTE_PARTICULIER_PREMIUM,1618000,30,5.0,6741.67
CPT-50634,Seydou Ndiaye,COMPTE_COURANT_ENTREPRISE,15130000,30,6.5,81954.17
CPT-50635,Jean-Baptiste Diop,COMPTE_COMMERCANT_PRO,4741000,30,5.5,21729.58
CPT-50636,Kouassi Ouédraogo,COMPTE_PARTICULIER_PREMIUM,2780000,30,5.0,11583.33
CPT-50637,Mamadou Sow,COMPTE_EPARGNE_DEPOT,256000,30,5.0,1066.67
CPT-50638,Tidiane Fofana,COMPTE_COURANT_ENTREPRISE,10246000,30,6.5,55499.17
CPT-50639,Khadija Soro,COMPTE_COMMERCANT_PRO,5171000,30,5.5,23700.42
CPT-50640,Aminata Diop,COMPTE_COMMERCANT_PRO,975000,30,5.5,4468.75
CPT-50641,Awa Kane,COMPTE_COURANT_ENTREPRISE,15754000,30,6.5,85334.17
CPT-50642,Yao Fall,COMPTE_COURANT_ENTREPRISE,22756000,30,6.5,123261.67
CPT-50643,Sékou Cissé,COMPTE_COMMERCANT_PRO,3606000,30,5.5,16527.5
CPT-50644,Fatou Diop,COMPTE_COURANT_ENTREPRISE,24961000,30,6.5,135205.42
CPT-50645,Oumar Traoré,COMPTE_EPARGNE_DEPOT,164000,30,5.0,683.33
CPT-50646,Koffi Koné,COMPTE_EPARGNE_DEPOT,3374000,30,5.0,14058.33
CPT-50647,Koffi Coulibaly,COMPTE_PARTICULIER_PREMIUM,3346000,30,5.0,13941.67
CPT-50648,Adama Koné,COMPTE_COURANT_ENTREPRISE,2664000,30,6.5,14430.0
CPT-50649,Adama Camara,COMPTE_EPARGNE_DEPOT,1334000,30,5.0,5558.33
CPT-50650,Moussa Barry,COMPTE_EPARGNE_DEPOT,2036000,30,5.0,8483.33
CPT-50651,Abdoulaye Sangaré,COMPTE_PARTICULIER_PREMIUM,3014000,30,5.0,12558.33
CPT-50652,Bintou Barry,COMPTE_COMMERCANT_PRO,3395000,30,5.5,15560.42
CPT-50653,Adama Fofana,COMPTE_EPARGNE_DEPOT,792000,30,5.0,3300.0
CPT-50654,Seydou Fall,COMPTE_COMMERCANT_PRO,2377000,30,5.5,10894.58
CPT-50655,Ibrahim Touré,COMPTE_PARTICULIER_PREMIUM,1779000,30,5.0,7412.5
CPT-50656,Mariam Cissé,COMPTE_COMMERCANT_PRO,6707000,30,5.5,30740.42
CPT-50657,Amadou Bamba,COMPTE_COMMERCANT_PRO,1707000,30,5.5,7823.75
CPT-50658,Fatou Fofana,COMPTE_EPARGNE_DEPOT,3130000,30,5.0,13041.67
CPT-50659,Fanta Fall,COMPTE_PARTICULIER_PREMIUM,1837000,30,5.0,7654.17
CPT-50660,Ibrahim Sylla,COMPTE_COMMERCANT_PRO,2245000,30,5.5,10289.58
CPT-50661,Jean-Baptiste Bamba,COMPTE_EPARGNE_DEPOT,2081000,30,5.0,8670.83
CPT-50662,Sékou Fofana,COMPTE_EPARGNE_DEPOT,1779000,30,5.0,7412.5
CPT-50663,Seydou Ba,COMPTE_COMMERCANT_PRO,3234000,30,5.5,14822.5
CPT-50664,Moussa Sanogo,COMPTE_PARTICULIER_PREMIUM,3183000,30,5.0,13262.5
CPT-50665,Yao Ndiaye,COMPTE_PARTICULIER_PREMIUM,1059000,30,5.0,4412.5
CPT-50666,Djeneba Ndiaye,COMPTE_PARTICULIER_PREMIUM,3208000,30,5.0,13366.67
CPT-50667,Moussa Barry,COMPTE_COMMERCANT_PRO,4387000,30,5.5,20107.08
CPT-50668,Salif Bamba,COMPTE_COMMERCANT_PRO,5902000,30,5.5,27050.83
CPT-50669,Cheikh Ndiaye,COMPTE_EPARGNE_DEPOT,742000,30,5.0,3091.67
CPT-50670,Bintou Coulibaly,COMPTE_EPARGNE_DEPOT,1409000,30,5.0,5870.83
CPT-50671,Fanta Barry,COMPTE_EPARGNE_DEPOT,363000,30,5.0,1512.5
CPT-50672,Mamadou Ndiaye,COMPTE_COMMERCANT_PRO,5127000,30,5.5,23498.75
CPT-50673,Fanta Cissé,COMPTE_EPARGNE_DEPOT,2320000,30,5.0,9666.67
CPT-50674,Nafi Cissé,COMPTE_EPARGNE_DEPOT,249000,30,5.0,1037.5
CPT-50675,Djeneba Ndiaye,COMPTE_EPARGNE_DEPOT,2529000,30,5.0,10537.5
CPT-50676,Moussa Cissé,COMPTE_COMMERCANT_PRO,6757000,30,5.5,30969.58
CPT-50677,Moussa Koffi,COMPTE_PARTICULIER_PREMIUM,2839000,30,5.0,11829.17
CPT-50678,Jean-Baptiste Koffi,COMPTE_PARTICULIER_PREMIUM,782000,30,5.0,3258.33
CPT-50679,Nafi Sow,COMPTE_EPARGNE_DEPOT,1180000,30,5.0,4916.67
CPT-50680,Tidiane Sangaré,COMPTE_PARTICULIER_PREMIUM,3348000,30,5.0,13950.0
CPT-50681,Abdoulaye Camara,COMPTE_COMMERCANT_PRO,5620000,30,5.5,25758.33
CPT-50682,Abdoulaye Barry,COMPTE_COURANT_ENTREPRISE,24689000,30,6.5,133732.08
CPT-50683,Awa Diallo,COMPTE_COURANT_ENTREPRISE,2720000,30,6.5,14733.33
CPT-50684,Amadou Koné,COMPTE_COMMERCANT_PRO,7652000,30,5.5,35071.67
CPT-50685,Kouassi Sow,COMPTE_COMMERCANT_PRO,2202000,30,5.5,10092.5
CPT-50686,Sékou Diop,COMPTE_PARTICULIER_PREMIUM,1440000,30,5.0,6000.0
CPT-50687,Clarisse Diallo,COMPTE_COMMERCANT_PRO,5728000,30,5.5,26253.33
CPT-50688,Abdoulaye Sow,COMPTE_EPARGNE_DEPOT,2142000,30,5.0,8925.0
CPT-50689,Bakary Gueye,COMPTE_PARTICULIER_PREMIUM,1365000,30,5.0,5687.5
CPT-50690,Cheikh Coulibaly,COMPTE_PARTICULIER_PREMIUM,787000,30,5.0,3279.17
CPT-50691,Aminata Bamba,COMPTE_COURANT_ENTREPRISE,19861000,30,6.5,107580.42
CPT-50692,Abdoulaye Barry,COMPTE_EPARGNE_DEPOT,813000,30,5.0,3387.5
CPT-50693,Salif Fall,COMPTE_EPARGNE_DEPOT,3085000,30,5.0,12854.17
CPT-50694,Mariam Gueye,COMPTE_PARTICULIER_PREMIUM,625000,30,5.0,2604.17
CPT-50695,Moussa Diop,COMPTE_EPARGNE_DEPOT,557000,30,5.0,2320.83
CPT-50696,Hawa Koné,COMPTE_PARTICULIER_PREMIUM,1747000,30,5.0,7279.17
CPT-50697,Bintou Sanogo,COMPTE_EPARGNE_DEPOT,864000,30,5.0,3600.0
CPT-50698,Hawa Traoré,COMPTE_COMMERCANT_PRO,4198000,30,5.5,19240.83
CPT-50699,Koffi Koffi,COMPTE_PARTICULIER_PREMIUM,2026000,30,5.0,8441.67
CPT-50700,Fanta Traoré,COMPTE_EPARGNE_DEPOT,2967000,30,5.0,12362.5
CPT-50701,Koffi Ba,COMPTE_COMMERCANT_PRO,1213000,30,5.5,5559.58
CPT-50702,Fanta Ba,COMPTE_COURANT_ENTREPRISE,7947000,30,6.5,43046.25
CPT-50703,Ibrahim Barry,COMPTE_COMMERCANT_PRO,6182000,30,5.5,28334.17
CPT-50704,Jean-Baptiste Diop,COMPTE_COURANT_ENTREPRISE,24444000,30,6.5,132405.0
CPT-50705,Mamadou Sylla,COMPTE_COMMERCANT_PRO,2952000,30,5.5,13530.0
CPT-50706,Djeneba Diallo,COMPTE_COMMERCANT_PRO,5556000,30,5.5,25465.0
CPT-50707,Boubacar Camara,COMPTE_COURANT_ENTREPRISE,22866000,30,6.5,123857.5
CPT-50708,Fanta Koffi,COMPTE_EPARGNE_DEPOT,859000,30,5.0,3579.17
CPT-50709,Aïssatou Kouadio,COMPTE_PARTICULIER_PREMIUM,2303000,30,5.0,9595.83
CPT-50710,Mariam Soro,COMPTE_COURANT_ENTREPRISE,18428000,30,6.5,99818.33
CPT-50711,Bakary Cissé,COMPTE_COURANT_ENTREPRISE,23790000,30,6.5,128862.5
CPT-50712,Oumar Gueye,COMPTE_COMMERCANT_PRO,2707000,30,5.5,12407.08
CPT-50713,Seydou Bamba,COMPTE_COMMERCANT_PRO,839000,30,5.5,3845.42
CPT-50714,Mariam Sangaré,COMPTE_EPARGNE_DEPOT,2915000,30,5.0,12145.83
CPT-50715,Kouassi Sow,COMPTE_COURANT_ENTREPRISE,6383000,30,6.5,34574.58
CPT-50716,Tidiane Barry,COMPTE_COURANT_ENTREPRISE,21248000,30,6.5,115093.33
CPT-50717,Amadou Touré,COMPTE_EPARGNE_DEPOT,987000,30,5.0,4112.5
CPT-50718,Fanta Camara,COMPTE_EPARGNE_DEPOT,1779000,30,5.0,7412.5
CPT-50719,Fatou Gueye,COMPTE_COMMERCANT_PRO,6345000,30,5.5,29081.25
CPT-50720,Jean-Baptiste Sow,COMPTE_COMMERCANT_PRO,7237000,30,5.5,33169.58
CPT-50721,Yao Bamba,COMPTE_EPARGNE_DEPOT,3116000,30,5.0,12983.33
CPT-50722,Bakary Diop,COMPTE_COMMERCANT_PRO,6532000,30,5.5,29938.33
CPT-50723,Mariam Fall,COMPTE_PARTICULIER_PREMIUM,2200000,30,5.0,9166.67
CPT-50724,Cheikh Kouadio,COMPTE_COURANT_ENTREPRISE,17095000,30,6.5,92597.92
CPT-50725,Abdoulaye Kane,COMPTE_COURANT_ENTREPRISE,24354000,30,6.5,131917.5
CPT-50726,Abdoulaye Sow,COMPTE_COURANT_ENTREPRISE,2772000,30,6.5,15015.0
CPT-50727,Boubacar Diop,COMPTE_COURANT_ENTREPRISE,10152000,30,6.5,54990.0
CPT-50728,Kouassi Cissé,COMPTE_COMMERCANT_PRO,1044000,30,5.5,4785.0
CPT-50729,Ibrahim Koffi,COMPTE_PARTICULIER_PREMIUM,3416000,30,5.0,14233.33
CPT-50730,Kouassi Diallo,COMPTE_COURANT_ENTREPRISE,2451000,30,6.5,13276.25
CPT-50731,Sékou Sow,COMPTE_COURANT_ENTREPRISE,7242000,30,6.5,39227.5
CPT-50732,Koffi Sylla,COMPTE_EPARGNE_DEPOT,2796000,30,5.0,11650.0
CPT-50733,Tidiane Sow,COMPTE_COURANT_ENTREPRISE,22554000,30,6.5,122167.5
CPT-50734,Awa Koné,COMPTE_PARTICULIER_PREMIUM,986000,30,5.0,4108.33
CPT-50735,Abdoulaye Sangaré,COMPTE_COURANT_ENTREPRISE,8226000,30,6.5,44557.5
CPT-50736,Kouassi Gueye,COMPTE_COURANT_ENTREPRISE,2128000,30,6.5,11526.67
CPT-50737,Nafi Kane,COMPTE_PARTICULIER_PREMIUM,1031000,30,5.0,4295.83
CPT-50738,Fatou Gueye,COMPTE_COURANT_ENTREPRISE,14982000,30,6.5,81152.5
CPT-50739,Bakary Sylla,COMPTE_PARTICULIER_PREMIUM,2146000,30,5.0,8941.67
CPT-50740,Clarisse Ndiaye,COMPTE_EPARGNE_DEPOT,2689000,30,5.0,11204.17
CPT-50741,Djeneba Cissé,COMPTE_EPARGNE_DEPOT,1358000,30,5.0,5658.33
CPT-50742,Sékou Kane,COMPTE_COURANT_ENTREPRISE,16848000,30,6.5,91260.0
CPT-50743,Aminata Soro,COMPTE_COURANT_ENTREPRISE,4669000,30,6.5,25290.42
CPT-50744,Aminata Ndiaye,COMPTE_COMMERCANT_PRO,1707000,30,5.5,7823.75
CPT-50745,Fanta Fall,COMPTE_PARTICULIER_PREMIUM,3085000,30,5.0,12854.17
CPT-50746,Awa Gueye,COMPTE_COURANT_ENTREPRISE,8314000,30,6.5,45034.17
CPT-50747,Aminata Sow,COMPTE_PARTICULIER_PREMIUM,831000,30,5.0,3462.5
CPT-50748,Jean-Baptiste Sylla,COMPTE_COMMERCANT_PRO,5546000,30,5.5,25419.17
CPT-50749,Nafi Soro,COMPTE_COMMERCANT_PRO,2330000,30,5.5,10679.17
CPT-50750,Nafi Kouadio,COMPTE_COMMERCANT_PRO,6669000,30,5.5,30566.25
CPT-50751,Oumar Soro,COMPTE_COURANT_ENTREPRISE,23972000,30,6.5,129848.33
CPT-50752,Fanta Kane,COMPTE_COMMERCANT_PRO,2860000,30,5.5,13108.33
CPT-50753,Hawa Cissé,COMPTE_COURANT_ENTREPRISE,4067000,30,6.5,22029.58
CPT-50754,Kouassi Camara,COMPTE_COMMERCANT_PRO,6648000,30,5.5,30470.0
CPT-50755,Fatou Barry,COMPTE_EPARGNE_DEPOT,485000,30,5.0,2020.83
CPT-50756,Moussa Gueye,COMPTE_EPARGNE_DEPOT,200000,30,5.0,833.33
CPT-50757,Sékou Kane,COMPTE_COURANT_ENTREPRISE,12683000,30,6.5,68699.58
CPT-50758,Koffi Ba,COMPTE_COURANT_ENTREPRISE,21099000,30,6.5,114286.25
CPT-50759,Mariam Sangaré,COMPTE_COMMERCANT_PRO,4281000,30,5.5,19621.25
CPT-50760,Aïssatou Sangaré,COMPTE_EPARGNE_DEPOT,1703000,30,5.0,7095.83
CPT-50761,Bintou Touré,COMPTE_EPARGNE_DEPOT,1464000,30,5.0,6100.0
CPT-50762,Salif Sangaré,COMPTE_PARTICULIER_PREMIUM,1106000,30,5.0,4608.33
CPT-50763,Koffi Cissé,COMPTE_COURANT_ENTREPRISE,13841000,30,6.5,74972.08
CPT-50764,Nafi Fofana,COMPTE_EPARGNE_DEPOT,1510000,30,5.0,6291.67
CPT-50765,Abdoulaye Sanogo,COMPTE_EPARGNE_DEPOT,2097000,30,5.0,8737.5
CPT-50766,Seydou Diop,COMPTE_PARTICULIER_PREMIUM,3244000,30,5.0,13516.67
CPT-50767,Hawa Sanogo,COMPTE_EPARGNE_DEPOT,252000,30,5.0,1050.0
CPT-50768,Tidiane Diop,COMPTE_COMMERCANT_PRO,3699000,30,5.5,16953.75
CPT-50769,Tidiane Sylla,COMPTE_PARTICULIER_PREMIUM,1825000,30,5.0,7604.17
CPT-50770,Aïssatou Traoré,COMPTE_EPARGNE_DEPOT,3469000,30,5.0,14454.17
CPT-50771,Clarisse Kane,COMPTE_PARTICULIER_PREMIUM,783000,30,5.0,3262.5
CPT-50772,Koffi Cissé,COMPTE_PARTICULIER_PREMIUM,547000,30,5.0,2279.17
CPT-50773,Amadou Sanogo,COMPTE_EPARGNE_DEPOT,778000,30,5.0,3241.67
CPT-50774,Mariam Sow,COMPTE_PARTICULIER_PREMIUM,240000,30,5.0,1000.0
CPT-50775,Bintou Sanogo,COMPTE_PARTICULIER_PREMIUM,1423000,30,5.0,5929.17
CPT-50776,Clarisse Fall,COMPTE_COMMERCANT_PRO,2410000,30,5.5,11045.83
CPT-50777,Mamadou Camara,COMPTE_EPARGNE_DEPOT,1965000,30,5.0,8187.5
CPT-50778,Nafi Cissé,COMPTE_EPARGNE_DEPOT,2942000,30,5.0,12258.33
CPT-50779,Fatou Ba,COMPTE_COURANT_ENTREPRISE,4244000,30,6.5,22988.33
CPT-50780,Bakary Gueye,COMPTE_EPARGNE_DEPOT,2699000,30,5.0,11245.83
CPT-50781,Cheikh Diop,COMPTE_PARTICULIER_PREMIUM,2325000,30,5.0,9687.5
CPT-50782,Bintou Ndiaye,COMPTE_EPARGNE_DEPOT,2207000,30,5.0,9195.83
CPT-50783,Amadou Touré,COMPTE_PARTICULIER_PREMIUM,1570000,30,5.0,6541.67
CPT-50784,Adama Touré,COMPTE_EPARGNE_DEPOT,2715000,30,5.0,11312.5
CPT-50785,Awa Barry,COMPTE_PARTICULIER_PREMIUM,2371000,30,5.0,9879.17
CPT-50786,Cheikh Sow,COMPTE_COMMERCANT_PRO,7270000,30,5.5,33320.83
CPT-50787,Djeneba Diop,COMPTE_COMMERCANT_PRO,5242000,30,5.5,24025.83
CPT-50788,Bintou Diallo,COMPTE_COURANT_ENTREPRISE,17001000,30,6.5,92088.75
CPT-50789,Aïssatou Bamba,COMPTE_PARTICULIER_PREMIUM,1028000,30,5.0,4283.33
CPT-50790,Bakary Gueye,COMPTE_PARTICULIER_PREMIUM,1460000,30,5.0,6083.33
CPT-50791,Adama Camara,COMPTE_COMMERCANT_PRO,5155000,30,5.5,23627.08
CPT-50792,Bakary Koffi,COMPTE_COMMERCANT_PRO,6358000,30,5.5,29140.83
CPT-50793,Mamadou Diop,COMPTE_COMMERCANT_PRO,7056000,30,5.5,32340.0
CPT-50794,Adama Koffi,COMPTE_PARTICULIER_PREMIUM,3120000,30,5.0,13000.0
CPT-50795,Koffi Barry,COMPTE_PARTICULIER_PREMIUM,1194000,30,5.0,4975.0
CPT-50796,Bintou Koffi,COMPTE_EPARGNE_DEPOT,231000,30,5.0,962.5
CPT-50797,Bakary Soro,COMPTE_COURANT_ENTREPRISE,14889000,30,6.5,80648.75
CPT-50798,Hawa Diop,COMPTE_COMMERCANT_PRO,1182000,30,5.5,5417.5
CPT-50799,Yao Camara,COMPTE_EPARGNE_DEPOT,2677000,30,5.0,11154.17
CPT-50800,Fanta Sangaré,COMPTE_COMMERCANT_PRO,1061000,30,5.5,4862.92
CPT-50801,Seydou Sanogo,COMPTE_PARTICULIER_PREMIUM,3468000,30,5.0,14450.0
CPT-50802,Hawa Kouadio,COMPTE_PARTICULIER_PREMIUM,1675000,30,5.0,6979.17
CPT-50803,Tidiane Koné,COMPTE_EPARGNE_DEPOT,1184000,30,5.0,4933.33
CPT-50804,Oumar Sylla,COMPTE_COURANT_ENTREPRISE,12979000,30,6.5,70302.92
CPT-50805,Aïssatou Barry,COMPTE_EPARGNE_DEPOT,2506000,30,5.0,10441.67
CPT-50806,Ibrahim Kouadio,COMPTE_COMMERCANT_PRO,4565000,30,5.5,20922.92
CPT-50807,Bakary Barry,COMPTE_PARTICULIER_PREMIUM,2858000,30,5.0,11908.33
CPT-50808,Mamadou Barry,COMPTE_COURANT_ENTREPRISE,11919000,30,6.5,64561.25
CPT-50809,Sékou Koné,COMPTE_PARTICULIER_PREMIUM,2345000,30,5.0,9770.83
CPT-50810,Boubacar Soro,COMPTE_COMMERCANT_PRO,2582000,30,5.5,11834.17
CPT-50811,Boubacar Sanogo,COMPTE_EPARGNE_DEPOT,3088000,30,5.0,12866.67
CPT-50812,Clarisse Traoré,COMPTE_COMMERCANT_PRO,2689000,30,5.5,12324.58
CPT-50813,Mamadou Diop,COMPTE_COMMERCANT_PRO,712000,30,5.5,3263.33
CPT-50814,Amadou Sylla,COMPTE_EPARGNE_DEPOT,480000,30,5.0,2000.0
CPT-50815,Aïssatou Fofana,COMPTE_PARTICULIER_PREMIUM,2023000,30,5.0,8429.17
CPT-50816,Adama Sanogo,COMPTE_PARTICULIER_PREMIUM,2640000,30,5.0,11000.0
CPT-50817,Seydou Sow,COMPTE_COURANT_ENTREPRISE,11178000,30,6.5,60547.5
CPT-50818,Seydou Kouadio,COMPTE_PARTICULIER_PREMIUM,3112000,30,5.0,12966.67
CPT-50819,Khadija Fofana,COMPTE_COMMERCANT_PRO,1866000,30,5.5,8552.5
CPT-50820,Koffi Diop,COMPTE_COMMERCANT_PRO,642000,30,5.5,2942.5
CPT-50821,Awa Koné,COMPTE_COMMERCANT_PRO,5135000,30,5.5,23535.42
CPT-50822,Bintou Ba,COMPTE_PARTICULIER_PREMIUM,1472000,30,5.0,6133.33
CPT-50823,Clarisse Sangaré,COMPTE_EPARGNE_DEPOT,2457000,30,5.0,10237.5
CPT-50824,Amadou Sylla,COMPTE_EPARGNE_DEPOT,2860000,30,5.0,11916.67
CPT-50825,Bakary Sanogo,COMPTE_PARTICULIER_PREMIUM,1519000,30,5.0,6329.17
CPT-50826,Khadija Koné,COMPTE_COMMERCANT_PRO,3218000,30,5.5,14749.17
CPT-50827,Koffi Koffi,COMPTE_COURANT_ENTREPRISE,19170000,30,6.5,103837.5
CPT-50828,Fatou Sangaré,COMPTE_PARTICULIER_PREMIUM,2233000,30,5.0,9304.17
CPT-50829,Kouassi Diallo,COMPTE_PARTICULIER_PREMIUM,785000,30,5.0,3270.83
CPT-50830,Awa Soro,COMPTE_PARTICULIER_PREMIUM,3144000,30,5.0,13100.0
CPT-50831,Oumar Diallo,COMPTE_COMMERCANT_PRO,3495000,30,5.5,16018.75
CPT-50832,Bakary Diallo,COMPTE_EPARGNE_DEPOT,1591000,30,5.0,6629.17
CPT-50833,Hawa Diallo,COMPTE_EPARGNE_DEPOT,1830000,30,5.0,7625.0
CPT-50834,Salif Koné,COMPTE_EPARGNE_DEPOT,2841000,30,5.0,11837.5
CPT-50835,Boubacar Sanogo,COMPTE_PARTICULIER_PREMIUM,2448000,30,5.0,10200.0
CPT-50836,Clarisse Diallo,COMPTE_PARTICULIER_PREMIUM,2031000,30,5.0,8462.5
CPT-50837,Aminata Coulibaly,COMPTE_COMMERCANT_PRO,2407000,30,5.5,11032.08
CPT-50838,Oumar Koné,COMPTE_COURANT_ENTREPRISE,3761000,30,6.5,20372.08
CPT-50839,Adama Gueye,COMPTE_PARTICULIER_PREMIUM,2157000,30,5.0,8987.5
CPT-50840,Fatou Koné,COMPTE_PARTICULIER_PREMIUM,3331000,30,5.0,13879.17
CPT-50841,Oumar Diop,COMPTE_PARTICULIER_PREMIUM,2249000,30,5.0,9370.83
CPT-50842,Bakary Sow,COMPTE_EPARGNE_DEPOT,3320000,30,5.0,13833.33
CPT-50843,Adama Kane,COMPTE_EPARGNE_DEPOT,230000,30,5.0,958.33
CPT-50844,Yao Touré,COMPTE_EPARGNE_DEPOT,248000,30,5.0,1033.33
CPT-50845,Moussa Gueye,COMPTE_EPARGNE_DEPOT,2456000,30,5.0,10233.33
CPT-50846,Kouassi Koné,COMPTE_PARTICULIER_PREMIUM,2623000,30,5.0,10929.17
CPT-50847,Fatou Ndiaye,COMPTE_PARTICULIER_PREMIUM,2594000,30,5.0,10808.33
CPT-50848,Bintou Traoré,COMPTE_COMMERCANT_PRO,6387000,30,5.5,29273.75
CPT-50849,Kouassi Koffi,COMPTE_COMMERCANT_PRO,4771000,30,5.5,21867.08
CPT-50850,Fanta Cissé,COMPTE_EPARGNE_DEPOT,1042000,30,5.0,4341.67
CPT-50851,Ibrahim Fall,COMPTE_COURANT_ENTREPRISE,23061000,30,6.5,124913.75
CPT-50852,Sékou Barry,COMPTE_COMMERCANT_PRO,2728000,30,5.5,12503.33
CPT-50853,Salif Ba,COMPTE_EPARGNE_DEPOT,820000,30,5.0,3416.67
CPT-50854,Clarisse Ndiaye,COMPTE_COMMERCANT_PRO,3305000,30,5.5,15147.92
CPT-50855,Mamadou Sow,COMPTE_COMMERCANT_PRO,3793000,30,5.5,17384.58
CPT-50856,Awa Sylla,COMPTE_COMMERCANT_PRO,4288000,30,5.5,19653.33
CPT-50857,Amadou Fofana,COMPTE_EPARGNE_DEPOT,1008000,30,5.0,4200.0
CPT-50858,Aminata Coulibaly,COMPTE_COURANT_ENTREPRISE,15000000,30,6.5,81250.0
CPT-50859,Boubacar Coulibaly,COMPTE_PARTICULIER_PREMIUM,989000,30,5.0,4120.83
CPT-50860,Hawa Koffi,COMPTE_COMMERCANT_PRO,7487000,30,5.5,34315.42
CPT-50861,Djeneba Kane,COMPTE_PARTICULIER_PREMIUM,2638000,30,5.0,10991.67
CPT-50862,Clarisse Touré,COMPTE_COMMERCANT_PRO,4390000,30,5.5,20120.83
CPT-50863,Fatou Sylla,COMPTE_PARTICULIER_PREMIUM,2527000,30,5.0,10529.17
CPT-50864,Fanta Kouadio,COMPTE_PARTICULIER_PREMIUM,2293000,30,5.0,9554.17
CPT-50865,Amadou Touré,COMPTE_COURANT_ENTREPRISE,9261000,30,6.5,50163.75
CPT-50866,Clarisse Cissé,COMPTE_COMMERCANT_PRO,2231000,30,5.5,10225.42
CPT-50867,Bintou Sangaré,COMPTE_EPARGNE_DEPOT,3169000,30,5.0,13204.17
CPT-50868,Bakary Fofana,COMPTE_EPARGNE_DEPOT,2674000,30,5.0,11141.67
CPT-50869,Hawa Cissé,COMPTE_EPARGNE_DEPOT,2164000,30,5.0,9016.67
CPT-50870,Salif Barry,COMPTE_COMMERCANT_PRO,7168000,30,5.5,32853.33
CPT-50871,Moussa Ouédraogo,COMPTE_COURANT_ENTREPRISE,22681000,30,6.5,122855.42
CPT-50872,Awa Traoré,COMPTE_COURANT_ENTREPRISE,22779000,30,6.5,123386.25
CPT-50873,Fatou Traoré,COMPTE_COMMERCANT_PRO,500000,30,5.5,2291.67
CPT-50874,Cheikh Fofana,COMPTE_EPARGNE_DEPOT,3206000,30,5.0,13358.33
CPT-50875,Koffi Cissé,COMPTE_COURANT_ENTREPRISE,3796000,30,6.5,20561.67
CPT-50876,Aïssatou Ndiaye,COMPTE_PARTICULIER_PREMIUM,1924000,30,5.0,8016.67
CPT-50877,Sékou Ba,COMPTE_COURANT_ENTREPRISE,11394000,30,6.5,61717.5
CPT-50878,Nafi Sylla,COMPTE_COURANT_ENTREPRISE,11981000,30,6.5,64897.08
CPT-50879,Hawa Koné,COMPTE_COURANT_ENTREPRISE,12135000,30,6.5,65731.25
CPT-50880,Ibrahim Kouadio,COMPTE_EPARGNE_DEPOT,1008000,30,5.0,4200.0
CPT-50881,Awa Sylla,COMPTE_COURANT_ENTREPRISE,17988000,30,6.5,97435.0
CPT-50882,Aminata Traoré,COMPTE_COURANT_ENTREPRISE,4888000,30,6.5,26476.67
CPT-50883,Sékou Ouédraogo,COMPTE_EPARGNE_DEPOT,2581000,30,5.0,10754.17
CPT-50884,Djeneba Fall,COMPTE_COMMERCANT_PRO,2765000,30,5.5,12672.92
CPT-50885,Amadou Gueye,COMPTE_EPARGNE_DEPOT,415000,30,5.0,1729.17
CPT-50886,Sékou Gueye,COMPTE_PARTICULIER_PREMIUM,1053000,30,5.0,4387.5
CPT-50887,Kouassi Sanogo,COMPTE_EPARGNE_DEPOT,275000,30,5.0,1145.83
CPT-50888,Fatou Camara,COMPTE_EPARGNE_DEPOT,2103000,30,5.0,8762.5
CPT-50889,Nafi Cissé,COMPTE_COURANT_ENTREPRISE,21352000,30,6.5,115656.67
CPT-50890,Fanta Koné,COMPTE_COURANT_ENTREPRISE,11422000,30,6.5,61869.17
CPT-50891,Djeneba Touré,COMPTE_EPARGNE_DEPOT,1000000,30,5.0,4166.67
CPT-50892,Boubacar Kouadio,COMPTE_COURANT_ENTREPRISE,24523000,30,6.5,132832.92
CPT-50893,Mariam Ndiaye,COMPTE_PARTICULIER_PREMIUM,3042000,30,5.0,12675.0
CPT-50894,Seydou Traoré,COMPTE_COURANT_ENTREPRISE,20898000,30,6.5,113197.5
CPT-50895,Clarisse Bamba,COMPTE_EPARGNE_DEPOT,3471000,30,5.0,14462.5
CPT-50896,Oumar Gueye,COMPTE_COURANT_ENTREPRISE,11613000,30,6.5,62903.75
CPT-50897,Aïssatou Diallo,COMPTE_COMMERCANT_PRO,4327000,30,5.5,19832.08
CPT-50898,Clarisse Camara,COMPTE_PARTICULIER_PREMIUM,1715000,30,5.0,7145.83
CPT-50899,Moussa Ba,COMPTE_PARTICULIER_PREMIUM,1495000,30,5.0,6229.17
CPT-50900,Sékou Sylla,COMPTE_COMMERCANT_PRO,3914000,30,5.5,17939.17
CPT-50901,Aminata Koffi,COMPTE_EPARGNE_DEPOT,1710000,30,5.0,7125.0
CPT-50902,Seydou Ba,COMPTE_COMMERCANT_PRO,1738000,30,5.5,7965.83
CPT-50903,Clarisse Kane,COMPTE_EPARGNE_DEPOT,2984000,30,5.0,12433.33
CPT-50904,Salif Bamba,COMPTE_COMMERCANT_PRO,4121000,30,5.5,18887.92
CPT-50905,Kouassi Barry,COMPTE_COMMERCANT_PRO,7922000,30,5.5,36309.17
CPT-50906,Ibrahim Sow,COMPTE_COMMERCANT_PRO,5914000,30,5.5,27105.83
CPT-50907,Seydou Fofana,COMPTE_PARTICULIER_PREMIUM,329000,30,5.0,1370.83
CPT-50908,Bakary Soro,COMPTE_PARTICULIER_PREMIUM,2661000,30,5.0,11087.5
CPT-50909,Bakary Fall,COMPTE_PARTICULIER_PREMIUM,2556000,30,5.0,10650.0
CPT-50910,Ibrahim Ndiaye,COMPTE_EPARGNE_DEPOT,492000,30,5.0,2050.0
CPT-50911,Clarisse Bamba,COMPTE_COURANT_ENTREPRISE,18823000,30,6.5,101957.92
CPT-50912,Salif Koné,COMPTE_COURANT_ENTREPRISE,21309000,30,6.5,115423.75
CPT-50913,Amadou Kouadio,COMPTE_PARTICULIER_PREMIUM,3252000,30,5.0,13550.0
CPT-50914,Oumar Kane,COMPTE_COMMERCANT_PRO,4603000,30,5.5,21097.08
CPT-50915,Awa Sow,COMPTE_COMMERCANT_PRO,5100000,30,5.5,23375.0
CPT-50916,Abdoulaye Sanogo,COMPTE_EPARGNE_DEPOT,1068000,30,5.0,4450.0
CPT-50917,Koffi Ba,COMPTE_EPARGNE_DEPOT,3034000,30,5.0,12641.67
CPT-50918,Hawa Coulibaly,COMPTE_PARTICULIER_PREMIUM,2836000,30,5.0,11816.67
CPT-50919,Adama Fofana,COMPTE_PARTICULIER_PREMIUM,3060000,30,5.0,12750.0
CPT-50920,Fanta Ndiaye,COMPTE_COURANT_ENTREPRISE,18928000,30,6.5,102526.67
CPT-50921,Boubacar Coulibaly,COMPTE_EPARGNE_DEPOT,755000,30,5.0,3145.83
CPT-50922,Abdoulaye Diallo,COMPTE_COMMERCANT_PRO,2528000,30,5.5,11586.67
CPT-50923,Hawa Sanogo,COMPTE_COMMERCANT_PRO,7422000,30,5.5,34017.5
CPT-50924,Mamadou Fall,COMPTE_COURANT_ENTREPRISE,8409000,30,6.5,45548.75
CPT-50925,Amadou Traoré,COMPTE_COURANT_ENTREPRISE,11924000,30,6.5,64588.33
CPT-50926,Awa Ndiaye,COMPTE_PARTICULIER_PREMIUM,3405000,30,5.0,14187.5
CPT-50927,Moussa Diallo,COMPTE_COURANT_ENTREPRISE,10503000,30,6.5,56891.25
CPT-50928,Seydou Coulibaly,COMPTE_EPARGNE_DEPOT,1649000,30,5.0,6870.83
CPT-50929,Moussa Sanogo,COMPTE_COURANT_ENTREPRISE,22050000,30,6.5,119437.5
CPT-50930,Cheikh Sow,COMPTE_EPARGNE_DEPOT,1722000,30,5.0,7175.0
CPT-50931,Mamadou Touré,COMPTE_EPARGNE_DEPOT,2747000,30,5.0,11445.83
CPT-50932,Koffi Camara,COMPTE_COURANT_ENTREPRISE,24787000,30,6.5,134262.92
CPT-50933,Bintou Koné,COMPTE_EPARGNE_DEPOT,1490000,30,5.0,6208.33
CPT-50934,Aïssatou Traoré,COMPTE_COMMERCANT_PRO,6377000,30,5.5,29227.92
CPT-50935,Bintou Sanogo,COMPTE_COURANT_ENTREPRISE,16183000,30,6.5,87657.92
CPT-50936,Djeneba Koffi,COMPTE_COMMERCANT_PRO,6244000,30,5.5,28618.33
CPT-50937,Bintou Traoré,COMPTE_EPARGNE_DEPOT,312000,30,5.0,1300.0
CPT-50938,Bintou Diallo,COMPTE_EPARGNE_DEPOT,1207000,30,5.0,5029.17
CPT-50939,Salif Diallo,COMPTE_COURANT_ENTREPRISE,10233000,30,6.5,55428.75
CPT-50940,Sékou Gueye,COMPTE_COURANT_ENTREPRISE,17256000,30,6.5,93470.0
CPT-50941,Jean-Baptiste Sangaré,COMPTE_COMMERCANT_PRO,2524000,30,5.5,11568.33
CPT-50942,Khadija Camara,COMPTE_COURANT_ENTREPRISE,12833000,30,6.5,69512.08
CPT-50943,Cheikh Fall,COMPTE_EPARGNE_DEPOT,1058000,30,5.0,4408.33
CPT-50944,Khadija Bamba,COMPTE_COURANT_ENTREPRISE,2345000,30,6.5,12702.08
CPT-50945,Moussa Diop,COMPTE_COURANT_ENTREPRISE,18988000,30,6.5,102851.67
CPT-50946,Seydou Diallo,COMPTE_PARTICULIER_PREMIUM,2092000,30,5.0,8716.67
CPT-50947,Mariam Gueye,COMPTE_EPARGNE_DEPOT,2396000,30,5.0,9983.33
CPT-50948,Adama Sangaré,COMPTE_COURANT_ENTREPRISE,10496000,30,6.5,56853.33
CPT-50949,Koffi Coulibaly,COMPTE_EPARGNE_DEPOT,879000,30,5.0,3662.5
CPT-50950,Fanta Fofana,COMPTE_COMMERCANT_PRO,7660000,30,5.5,35108.33
CPT-50951,Aminata Koné,COMPTE_COMMERCANT_PRO,5542000,30,5.5,25400.83
CPT-50952,Bakary Bamba,COMPTE_COURANT_ENTREPRISE,7194000,30,6.5,38967.5
CPT-50953,Clarisse Diallo,COMPTE_PARTICULIER_PREMIUM,2172000,30,5.0,9050.0
CPT-50954,Bintou Ouédraogo,COMPTE_COURANT_ENTREPRISE,14995000,30,6.5,81222.92
CPT-50955,Hawa Sangaré,COMPTE_PARTICULIER_PREMIUM,3389000,30,5.0,14120.83
CPT-50956,Jean-Baptiste Koné,COMPTE_COMMERCANT_PRO,2032000,30,5.5,9313.33
CPT-50957,Oumar Sow,COMPTE_EPARGNE_DEPOT,1109000,30,5.0,4620.83
CPT-50958,Djeneba Fofana,COMPTE_COURANT_ENTREPRISE,5407000,30,6.5,29287.92
CPT-50959,Aminata Diop,COMPTE_PARTICULIER_PREMIUM,3255000,30,5.0,13562.5
CPT-50960,Khadija Koffi,COMPTE_COURANT_ENTREPRISE,16700000,30,6.5,90458.33
CPT-50961,Bintou Ba,COMPTE_EPARGNE_DEPOT,236000,30,5.0,983.33
CPT-50962,Djeneba Soro,COMPTE_COMMERCANT_PRO,5825000,30,5.5,26697.92
CPT-50963,Salif Coulibaly,COMPTE_EPARGNE_DEPOT,2136000,30,5.0,8900.0
CPT-50964,Fatou Kouadio,COMPTE_EPARGNE_DEPOT,2487000,30,5.0,10362.5
CPT-50965,Djeneba Bamba,COMPTE_COURANT_ENTREPRISE,4186000,30,6.5,22674.17
CPT-50966,Kouassi Kouadio,COMPTE_COMMERCANT_PRO,4481000,30,5.5,20537.92
CPT-50967,Jean-Baptiste Soro,COMPTE_PARTICULIER_PREMIUM,726000,30,5.0,3025.0
CPT-50968,Awa Traoré,COMPTE_PARTICULIER_PREMIUM,512000,30,5.0,2133.33
CPT-50969,Koffi Cissé,COMPTE_PARTICULIER_PREMIUM,2021000,30,5.0,8420.83
CPT-50970,Moussa Fall,COMPTE_COMMERCANT_PRO,5175000,30,5.5,23718.75
CPT-50971,Mariam Camara,COMPTE_COURANT_ENTREPRISE,24020000,30,6.5,130108.33
CPT-50972,Aminata Koffi,COMPTE_EPARGNE_DEPOT,635000,30,5.0,2645.83
CPT-50973,Salif Koné,COMPTE_PARTICULIER_PREMIUM,999000,30,5.0,4162.5
CPT-50974,Ibrahim Touré,COMPTE_PARTICULIER_PREMIUM,3281000,30,5.0,13670.83
CPT-50975,Djeneba Sanogo,COMPTE_COURANT_ENTREPRISE,14477000,30,6.5,78417.08
CPT-50976,Fatou Soro,COMPTE_COURANT_ENTREPRISE,5783000,30,6.5,31324.58
CPT-50977,Yao Kane,COMPTE_COMMERCANT_PRO,5412000,30,5.5,24805.0
CPT-50978,Yao Traoré,COMPTE_COMMERCANT_PRO,7885000,30,5.5,36139.58
CPT-50979,Boubacar Diop,COMPTE_COMMERCANT_PRO,2544000,30,5.5,11660.0
CPT-50980,Tidiane Camara,COMPTE_PARTICULIER_PREMIUM,941000,30,5.0,3920.83
CPT-50981,Moussa Camara,COMPTE_EPARGNE_DEPOT,2157000,30,5.0,8987.5
CPT-50982,Mamadou Coulibaly,COMPTE_PARTICULIER_PREMIUM,1776000,30,5.0,7400.0
CPT-50983,Salif Sylla,COMPTE_COURANT_ENTREPRISE,6902000,30,6.5,37385.83
CPT-50984,Moussa Diop,COMPTE_PARTICULIER_PREMIUM,3339000,30,5.0,13912.5
CPT-50985,Kouassi Camara,COMPTE_COURANT_ENTREPRISE,20997000,30,6.5,113733.75
CPT-50986,Aminata Ouédraogo,COMPTE_EPARGNE_DEPOT,2774000,30,5.0,11558.33
CPT-50987,Aïssatou Ouédraogo,COMPTE_COMMERCANT_PRO,3909000,30,5.5,17916.25
CPT-50988,Fatou Bamba,COMPTE_COURANT_ENTREPRISE,12753000,30,6.5,69078.75
CPT-50989,Hawa Sanogo,COMPTE_COURANT_ENTREPRISE,8462000,30,6.5,45835.83
CPT-50990,Moussa Sangaré,COMPTE_COMMERCANT_PRO,3778000,30,5.5,17315.83
CPT-50991,Seydou Barry,COMPTE_PARTICULIER_PREMIUM,3289000,30,5.0,13704.17
CPT-50992,Abdoulaye Diop,COMPTE_EPARGNE_DEPOT,2729000,30,5.0,11370.83
CPT-50993,Boubacar Soro,COMPTE_EPARGNE_DEPOT,2859000,30,5.0,11912.5
CPT-50994,Tidiane Sylla,COMPTE_PARTICULIER_PREMIUM,1162000,30,5.0,4841.67
CPT-50995,Khadija Soro,COMPTE_COMMERCANT_PRO,4670000,30,5.5,21404.17
CPT-50996,Hawa Diallo,COMPTE_EPARGNE_DEPOT,2665000,30,5.0,11104.17
CPT-50997,Amadou Bamba,COMPTE_COURANT_ENTREPRISE,20847000,30,6.5,112921.25
CPT-50998,Kouassi Gueye,COMPTE_PARTICULIER_PREMIUM,3391000,30,5.0,14129.17
CPT-50999,Adama Koné,COMPTE_COMMERCANT_PRO,2826000,30,5.5,12952.5
CPT-51000,Jean-Baptiste Kouadio,COMPTE_EPARGNE_DEPOT,2876000,30,5.0,11983.33
